"","AtlasSp","ScientificName"
"1","Accipiter gentilis","Accipiter gentilis"
"2","Accipiter nisus","Accipiter nisus"
"3","Acrocephalus arundinaceus","Acrocephalus arundinaceus"
"4","Acrocephalus palustris","Acrocephalus palustris"
"5","Acrocephalus scirpaceus","Acrocephalus scirpaceus"
"6","Aegithalos caudatus","Aegithalos caudatus"
"7","Aegolius funereus","Aegolius funereus"
"8","Alauda arvensis","Alauda arvensis"
"9","Alcedo atthis","Alcedo atthis"
"10","Anas platyrhynchos","Anas platyrhynchos"
"11","Anthus pratensis","Anthus pratensis"
"12","Anthus trivialis","Anthus trivialis"
"13","Apus apus","Apus apus"
"14","Ardea cinerea","Ardea cinerea"
"15","Asio otus","Asio otus"
"16","Athene noctua","Athene noctua"
"17","Aythya ferina","Aythya ferina"
"18","Aythya fuligula","Aythya fuligula"
"19","Bubo bubo","Bubo bubo"
"20","Buteo buteo","Buteo buteo"
"21","Carduelis carduelis","Carduelis carduelis"
"22","Carpodacus erythrinus","Carpodacus erythrinus"
"23","Certhia brachydactyla","Certhia brachydactyla"
"24","Certhia familiaris","Certhia familiaris"
"25","Charadrius dubius","Charadrius dubius"
"26","Ciconia ciconia","Ciconia ciconia"
"27","Ciconia nigra","Ciconia nigra"
"28","Cinclus cinclus","Cinclus cinclus"
"29","Circus aeruginosus","Circus aeruginosus"
"30","Coccothraustes coccothraustes","Coccothraustes coccothraustes"
"31","Columba livia","Columba livia"
"32","Columba oenas","Columba oenas"
"33","Columba palumbus","Columba palumbus"
"34","Corvus corax","Corvus corax"
"35","Corvus corone","Corvus corone"
"36","Corvus monedula","Corvus monedula"
"37","Coturnix coturnix","Coturnix coturnix"
"38","Crex crex","Crex crex"
"39","Cuculus canorus","Cuculus canorus"
"40","Cygnus olor","Cygnus olor"
"41","Dendrocopos major","Dendrocopos major"
"42","Dryocopus martius","Dryocopus martius"
"43","Emberiza citrinella","Emberiza citrinella"
"44","Emberiza schoeniclus","Emberiza schoeniclus"
"45","Erithacus rubecula","Erithacus rubecula"
"46","Falco tinnunculus","Falco tinnunculus"
"47","Ficedula albicollis","Ficedula albicollis"
"48","Ficedula hypoleuca","Ficedula hypoleuca"
"49","Ficedula parva","Ficedula parva"
"50","Fringilla coelebs","Fringilla coelebs"
"51","Fulica atra","Fulica atra"
"52","Gallinago gallinago","Gallinago gallinago"
"53","Gallinula chloropus","Gallinula chloropus"
"54","Garrulus glandarius","Garrulus glandarius"
"55","Glaucidium passerinum","Glaucidium passerinum"
"56","Haliaeetus albicilla","Haliaeetus albicilla"
"57","Hippolais icterina","Hippolais icterina"
"58","Hirundo rustica","Hirundo rustica"
"59","Jynx torquilla","Jynx torquilla"
"60","Lanius collurio","Lanius collurio"
"61","Larus ridibundus","Larus ridibundus"
"62","Locustella fluviatilis","Locustella fluviatilis"
"63","Locustella naevia","Locustella naevia"
"64","Loxia curvirostra","Loxia curvirostra"
"65","Lullula arborea","Lullula arborea"
"66","Milvus milvus","Milvus milvus"
"67","Motacilla alba","Motacilla alba"
"68","Motacilla cinerea","Motacilla cinerea"
"69","Muscicapa striata","Muscicapa striata"
"70","Nucifraga caryocatactes","Nucifraga caryocatactes"
"71","Parus major","Parus major"
"72","Passer domesticus","Passer domesticus"
"73","Passer montanus","Passer montanus"
"74","Phasianus colchicus","Phasianus colchicus"
"75","Phoenicurus ochruros","Phoenicurus ochruros"
"76","Phoenicurus phoenicurus","Phoenicurus phoenicurus"
"77","Phylloscopus collybita","Phylloscopus collybita"
"78","Phylloscopus sibilatrix","Phylloscopus sibilatrix"
"79","Phylloscopus trochilus","Phylloscopus trochilus"
"80","Pica pica","Pica pica"
"81","Picus canus","Picus canus"
"82","Picus viridis","Picus viridis"
"83","Podiceps cristatus","Podiceps cristatus"
"84","Prunella modularis","Prunella modularis"
"85","Pyrrhula pyrrhula","Pyrrhula pyrrhula"
"86","Rallus aquaticus","Rallus aquaticus"
"87","Regulus regulus","Regulus regulus"
"88","Saxicola rubetra","Saxicola rubetra"
"89","Serinus serinus","Serinus serinus"
"90","Sitta europaea","Sitta europaea"
"91","Streptopelia decaocto","Streptopelia decaocto"
"92","Streptopelia turtur","Streptopelia turtur"
"93","Strix aluco","Strix aluco"
"94","Sturnus vulgaris","Sturnus vulgaris"
"95","Sylvia atricapilla","Sylvia atricapilla"
"96","Sylvia borin","Sylvia borin"
"97","Tachybaptus ruficollis","Tachybaptus ruficollis"
"98","Troglodytes troglodytes","Troglodytes troglodytes"
"99","Turdus merula","Turdus merula"
"100","Turdus philomelos","Turdus philomelos"
"101","Turdus pilaris","Turdus pilaris"
"102","Turdus viscivorus","Turdus viscivorus"
"103","Vanellus vanellus","Vanellus vanellus"
"104","Actitis hypoleucos","Actitis hypoleucos"
"105","Caprimulgus europaeus","Caprimulgus europaeus"
"106","Falco peregrinus","Falco peregrinus"
"107","Grus grus","Grus grus"
"108","Oriolus oriolus","Oriolus oriolus"
"109","Scolopax rusticola","Scolopax rusticola"
"110","Tyto alba","Tyto alba"
"111","Circus pygargus","Circus pygargus"
"112","Lanius excubitor","Lanius excubitor"
"113","Milvus migrans","Milvus migrans"
"114","Oenanthe oenanthe","Oenanthe oenanthe"
"115","Perdix perdix","Perdix perdix"
"116","Pernis apivorus","Pernis apivorus"
"117","Circus cyaneus","Circus cyaneus"
"118","Luscinia megarhynchos","Luscinia megarhynchos"
"119","Remiz pendulinus","Remiz pendulinus"
"120","Tringa ochropus","Tringa ochropus"
"121","Riparia riparia","Riparia riparia"
"122","Acrocephalus schoenobaenus","Acrocephalus schoenobaenus"
"123","Anas crecca","Anas crecca"
"124","Ixobrychus minutus","Ixobrychus minutus"
"125","Phylloscopus trochiloides","Phylloscopus trochiloides"
"126","Podiceps nigricollis","Podiceps nigricollis"
"127","Botaurus stellaris","Botaurus stellaris"
"128","Chlidonias niger","Chlidonias niger"
"129","Galerida cristata","Galerida cristata"
"130","Locustella luscinioides","Locustella luscinioides"
"131","Motacilla flava","Motacilla flava"
"132","Tetrao urogallus","Tetrao urogallus"
"133","Turdus torquatus","Turdus torquatus"
"134","Podiceps grisegena","Podiceps grisegena"
"135","Corvus frugilegus","Corvus frugilegus"
"136","Aythya nyroca","Aythya nyroca"
"137","Falco subbuteo","Falco subbuteo"
"138","Netta rufina","Netta rufina"
"139","Phalacrocorax carbo","Phalacrocorax carbo"
"140","Upupa epops","Upupa epops"
"141","Turdus iliacus","Turdus iliacus"
"142","Bucephala clangula","Bucephala clangula"
"143","Anthus spinoletta","Anthus spinoletta"
"144","Emberiza hortulana","Emberiza hortulana"
"145","Luscinia svecica","Luscinia svecica"
"146","Prunella collaris","Prunella collaris"
"147","Anthus campestris","Anthus campestris"
"148","Anser anser","Anser anser"
"149","Mergus merganser","Mergus merganser"
"150","Panurus biarmicus","Panurus biarmicus"
"151","Porzana porzana","Porzana porzana"
"152","Tringa totanus","Tringa totanus"
"153","Anas acuta","Anas acuta"
"154","Merops apiaster","Merops apiaster"
"155","Asio flammeus","Asio flammeus"
"156","Numenius arquata","Numenius arquata"
"157","Picoides tridactylus","Picoides tridactylus"
"158","Larus canus","Larus canus"
"159","Larus cachinnans","Larus cachinnans"
"160","Sterna hirundo","Sterna hirundo"
"161","Luscinia luscinia","Luscinia luscinia"
"162","Limosa limosa","Limosa limosa"
"163","Nycticorax nycticorax","Nycticorax nycticorax"
"164","Dendrocopos syriacus","Dendrocopos syriacus"
"165","Larus melanocephalus","Larus melanocephalus"
"166","Ardea purpurea","Ardea purpurea"
"167","Dendrocopos leucotos","Dendrocopos leucotos"
"168","Falco cherrug","Falco cherrug"
"169","Otus scops","Otus scops"
"170","Recurvirostra avosetta","Recurvirostra avosetta"
"171","Himantopus himantopus","Himantopus himantopus"
"172","Strix uralensis","Strix uralensis"
"173","Egretta garzetta","Egretta garzetta"
"174","Platalea leucorodia","Platalea leucorodia"
"175","Agelaius phoeniceus","Agelaius phoeniceus"
"176","Aix sponsa","Aix sponsa"
"177","Archilochus colubris","Archilochus colubris"
"178","Ardea herodias","Ardea herodias"
"179","Baeolophus bicolor","Baeolophus bicolor"
"180","Bombycilla cedrorum","Bombycilla cedrorum"
"181","Bonasa umbellus","Bonasa umbellus"
"182","Branta canadensis","Branta canadensis"
"183","Buteo jamaicensis","Buteo jamaicensis"
"184","Buteo platypterus","Buteo platypterus"
"185","Cardinalis cardinalis","Cardinalis cardinalis"
"186","Cathartes aura","Cathartes aura"
"187","Catharus fuscescens","Catharus fuscescens"
"188","Certhia americana","Certhia americana"
"189","Chaetura pelagica","Chaetura pelagica"
"190","Charadrius vociferus","Charadrius vociferus"
"191","Coccyzus americanus","Coccyzus americanus"
"192","Colaptes auratus","Colaptes auratus"
"193","Contopus virens","Contopus virens"
"194","Corvus brachyrhynchos","Corvus brachyrhynchos"
"195","Cyanocitta cristata","Cyanocitta cristata"
"196","Dolichonyx oryzivorus","Dolichonyx oryzivorus"
"197","Dumetella carolinensis","Dumetella carolinensis"
"198","Empidonax alnorum","Empidonax alnorum"
"199","Empidonax minimus","Empidonax minimus"
"200","Empidonax traillii","Empidonax traillii"
"201","Empidonax virescens","Empidonax virescens"
"202","Falco sparverius","Falco sparverius"
"203","Geothlypis trichas","Geothlypis trichas"
"204","Hylocichla mustelina","Hylocichla mustelina"
"205","Icterus galbula","Icterus galbula"
"206","Junco hyemalis","Junco hyemalis"
"207","Megaceryle alcyon","Megaceryle alcyon"
"208","Megascops asio","Megascops asio"
"209","Melanerpes carolinus","Melanerpes carolinus"
"210","Meleagris gallopavo","Meleagris gallopavo"
"211","Melospiza georgiana","Melospiza georgiana"
"212","Melospiza melodia","Melospiza melodia"
"213","Mimus polyglottos","Mimus polyglottos"
"214","Molothrus ater","Molothrus ater"
"215","Myiarchus crinitus","Myiarchus crinitus"
"216","Passerculus sandwichensis","Passerculus sandwichensis"
"217","Passerina cyanea","Passerina cyanea"
"218","Pheucticus ludovicianus","Pheucticus ludovicianus"
"219","Pipilo erythrophthalmus","Pipilo erythrophthalmus"
"220","Piranga olivacea","Piranga olivacea"
"221","Poecile atricapillus","Poecile atricapillus"
"222","Progne subis","Progne subis"
"223","Quiscalus quiscula","Quiscalus quiscula"
"224","Sayornis phoebe","Sayornis phoebe"
"225","Seiurus aurocapilla","Seiurus aurocapilla"
"226","Setophaga ruticilla","Setophaga ruticilla"
"227","Sialia sialis","Sialia sialis"
"228","Sitta canadensis","Sitta canadensis"
"229","Sitta carolinensis","Sitta carolinensis"
"230","Sphyrapicus varius","Sphyrapicus varius"
"231","Spinus tristis","Spinus tristis"
"232","Spizella passerina","Spizella passerina"
"233","Spizella pusilla","Spizella pusilla"
"234","Sturnella magna","Sturnella magna"
"235","Tachycineta bicolor","Tachycineta bicolor"
"236","Toxostoma rufum","Toxostoma rufum"
"237","Troglodytes aedon","Troglodytes aedon"
"238","Turdus migratorius","Turdus migratorius"
"239","Tyrannus tyrannus","Tyrannus tyrannus"
"240","Vireo gilvus","Vireo gilvus"
"241","Vireo olivaceus","Vireo olivaceus"
"242","Zenaida macroura","Zenaida macroura"
"243","Accipiter cooperii","Accipiter cooperii"
"244","Icterus spurius","Icterus spurius"
"245","Vireo solitarius","Vireo solitarius"
"246","Buteo lineatus","Buteo lineatus"
"247","Catharus guttatus","Catharus guttatus"
"248","Coccyzus erythropthalmus","Coccyzus erythropthalmus"
"249","Stelgidopteryx serripennis","Stelgidopteryx serripennis"
"250","Accipiter striatus","Accipiter striatus"
"251","Actitis macularius","Actitis macularius"
"252","Anas rubripes","Anas rubripes"
"253","Gallinago delicata","Gallinago delicata"
"254","Protonotaria citrea","Protonotaria citrea"
"255","Scolopax minor","Scolopax minor"
"256","Fulica americana","Fulica americana"
"257","Petrochelidon pyrrhonota","Petrochelidon pyrrhonota"
"258","Bubo virginianus","Bubo virginianus"
"259","Melanerpes erythrocephalus","Melanerpes erythrocephalus"
"260","Thryothorus ludovicianus","Thryothorus ludovicianus"
"261","Zonotrichia albicollis","Zonotrichia albicollis"
"262","Lophodytes cucullatus","Lophodytes cucullatus"
"263","Haliaeetus leucocephalus","Haliaeetus leucocephalus"
"264","Strix varia","Strix varia"
"265","Pooecetes gramineus","Pooecetes gramineus"
"266","Spinus pinus","Spinus pinus"
"267","Bartramia longicauda","Bartramia longicauda"
"268","Mniotilta varia","Mniotilta varia"
"269","Porzana carolina","Porzana carolina"
"270","Colinus virginianus","Colinus virginianus"
"271","Polioptila caerulea","Polioptila caerulea"
"272","Ammodramus savannarum","Ammodramus savannarum"
"273","Eremophila alpestris","Eremophila alpestris"
"274","Cistothorus palustris","Cistothorus palustris"
"275","Rallus limicola","Rallus limicola"
"276","Cistothorus platensis","Cistothorus platensis"
"277","Ixobrychus exilis","Ixobrychus exilis"
"278","Vireo griseus","Vireo griseus"
"279","Vireo flavifrons","Vireo flavifrons"
"280","Regulus satrapa","Regulus satrapa"
"281","Catharus ustulatus","Catharus ustulatus"
"282","Chordeiles minor","Chordeiles minor"
"283","Pandion haliaetus","Pandion haliaetus"
"284","Podilymbus podiceps","Podilymbus podiceps"
"285","Aythya collaris","Aythya collaris"
"286","Botaurus lentiginosus","Botaurus lentiginosus"
"287","Oxyura jamaicensis","Oxyura jamaicensis"
"288","Gavia immer","Gavia immer"
"289","Spizella pallida","Spizella pallida"
"290","Spiza americana","Spiza americana"
"291","Icteria virens","Icteria virens"
"292","Larus argentatus","Larus argentatus"
"293","Larus marinus","Larus marinus"
"294","Vermivora chrysoptera","Vermivora chrysoptera"
"295","Aegolius acadicus","Aegolius acadicus"
"296","Rallus elegans","Rallus elegans"
"297","Larus delawarensis","Larus delawarensis"
"298","Ardea alba","Ardea alba"
"299","Aquila chrysaetos","Aquila chrysaetos"
"300","Egretta thula","Egretta thula"
"301","Helmitheros vermivorum","Helmitheros vermivorum"
"302","Aythya americana","Aythya americana"
"303","Aythya affinis","Aythya affinis"
"304","Lanius ludovicianus","Lanius ludovicianus"
"305","Sturnella neglecta","Sturnella neglecta"
"306","Loxia leucoptera","Loxia leucoptera"
"307","Corvus ossifragus","Corvus ossifragus"
"308","Mergus serrator","Mergus serrator"
"309","Aythya valisineria","Aythya valisineria"
"310","Bubulcus ibis","Bubulcus ibis"
"311","Charadrius melodus","Charadrius melodus"
"312","Contopus cooperi","Contopus cooperi"
"313","Empidonax flaviventris","Empidonax flaviventris"
"314","Melospiza lincolnii","Melospiza lincolnii"
"315","Vireo philadelphicus","Vireo philadelphicus"
"316","Euphagus carolinus","Euphagus carolinus"
"317","Poecile hudsonicus","Poecile hudsonicus"
"318","Picoides arcticus","Picoides arcticus"
"319","Perisoreus canadensis","Perisoreus canadensis"
"320","Catharus bicknelli","Catharus bicknelli"
"321","Passerina caerulea","Passerina caerulea"
"322","Myiopsitta monachus","Myiopsitta monachus"
"323","Quiscalus major","Quiscalus major"
"324","Rallus longirostris","Rallus longirostris"
"325","Haematopus palliatus","Haematopus palliatus"
"326","Plegadis falcinellus","Plegadis falcinellus"
"327","Tringa semipalmata","Tringa semipalmata"
"328","Nyctanassa violacea","Nyctanassa violacea"
"329","Egretta caerulea","Egretta caerulea"
"330","Egretta tricolor","Egretta tricolor"
"331","Piranga rubra","Piranga rubra"
"332","Rynchops niger","Rynchops niger"
"333","Sternula antillarum","Sternula antillarum"
"334","Gelochelidon nilotica","Gelochelidon nilotica"
"335","Sterna forsteri","Sterna forsteri"
"336","Sterna dougallii","Sterna dougallii"
"337","Laterallus jamaicensis","Laterallus jamaicensis"
"338","Amaurornis phoenicurus","Amaurornis phoenicurus"
"339","Anas zonorhyncha","Anas zonorhyncha"
"340","Chalcophaps indica","Chalcophaps indica"
"341","Cisticola juncidis","Cisticola juncidis"
"342","Halcyon coromanda","Halcyon coromanda"
"343","Hirundo tahitica","Hirundo tahitica"
"344","Hypsipetes amaurotis","Hypsipetes amaurotis"
"345","Ixobrychus cinnamomeus","Ixobrychus cinnamomeus"
"346","Otus elegans","Otus elegans"
"347","Pycnonotus sinensis","Pycnonotus sinensis"
"348","Streptopelia orientalis","Streptopelia orientalis"
"349","Terpsiphone atrocaudata","Terpsiphone atrocaudata"
"350","Treron formosae","Treron formosae"
"351","Turnix suscitator","Turnix suscitator"
"352","Zosterops japonicus","Zosterops japonicus"
"353","Corvus macrorhynchos","Corvus macrorhynchos"
"354","Egretta sacra","Egretta sacra"
"355","Ficedula narcissina","Ficedula narcissina"
"356","Lanius cristatus","Lanius cristatus"
"357","Monticola solitarius","Monticola solitarius"
"358","Pericrocotus divaricatus","Pericrocotus divaricatus"
"359","Accipiter gularis","Accipiter gularis"
"360","Spilornis cheela","Spilornis cheela"
"361","Ninox scutulata","Ninox scutulata"
"362","Sterna sumatrana","Sterna sumatrana"
"363","Rallina eurizonoides","Rallina eurizonoides"
"364","Delichon dasypus","Delichon dasypus"
"365","Glareola maldivarum","Glareola maldivarum"
"366","Columba janthina","Columba janthina"
"367","Agropsar philippensis","Agropsar philippensis"
"368","Anous stolidus","Anous stolidus"
"369","Cuculus poliocephalus","Cuculus poliocephalus"
"370","Lonchura punctulata","Lonchura punctulata"
"371","Butorides striata","Butorides striata"
"372","Charadrius alexandrinus","Charadrius alexandrinus"
"373","Spodiopsar cineraceus","Spodiopsar cineraceus"
"374","Apalopteron familiare","Apalopteron familiare"
"375","Sula leucogaster","Sula leucogaster"
"376","Zoothera dauma","Zoothera dauma"
"377","Otus lempiji","Otus lempiji"
"378","Butastur indicus","Butastur indicus"
"379","Lanius bucephalus","Lanius bucephalus"
"380","Garrulus lidthi","Garrulus lidthi"
"381","Apus pacificus","Apus pacificus"
"382","Acrocephalus bistrigiceps","Acrocephalus bistrigiceps"
"383","Phylloscopus ijimae","Phylloscopus ijimae"
"384","Turdus celaenops","Turdus celaenops"
"385","Emberiza cioides","Emberiza cioides"
"386","Periparus ater","Periparus ater"
"387","Picus awokera","Picus awokera"
"388","Urosphena squameiceps","Urosphena squameiceps"
"389","Bambusicola thoracicus","Bambusicola thoracicus"
"390","Treron sieboldii","Treron sieboldii"
"391","Acrocephalus orientalis","Acrocephalus orientalis"
"392","Apus nipalensis","Apus nipalensis"
"393","Hierococcyx hyperythrus","Hierococcyx hyperythrus"
"394","Chloris sinica","Chloris sinica"
"395","Anthus hodgsoni","Anthus hodgsoni"
"396","Phylloscopus coronatus","Phylloscopus coronatus"
"397","Phylloscopus xanthodryas","Phylloscopus xanthodryas"
"398","Turdus chrysolaus","Turdus chrysolaus"
"399","Cinclus pallasii","Cinclus pallasii"
"400","Cyanoptila cyanomelana","Cyanoptila cyanomelana"
"401","Eophona personata","Eophona personata"
"402","Hirundapus caudacutus","Hirundapus caudacutus"
"403","Leiothrix lutea","Leiothrix lutea"
"404","Megaceryle lugubris","Megaceryle lugubris"
"405","Pitta nympha","Pitta nympha"
"406","Syrmaticus soemmerringii","Syrmaticus soemmerringii"
"407","Cuculus optatus","Cuculus optatus"
"408","Calonectris leucomelas","Calonectris leucomelas"
"409","Larus crassirostris","Larus crassirostris"
"410","Motacilla grandis","Motacilla grandis"
"411","Pernis ptilorhynchus","Pernis ptilorhynchus"
"412","Charadrius placidus","Charadrius placidus"
"413","Turdus pallidus","Turdus pallidus"
"414","Aix galericulata","Aix galericulata"
"415","Muscicapa dauurica","Muscicapa dauurica"
"416","Eurystomus orientalis","Eurystomus orientalis"
"417","Garrulax canorus","Garrulax canorus"
"418","Poecile montanus","Poecile montanus"
"419","Nisaetus nipalensis","Nisaetus nipalensis"
"420","Gorsachius goisagi","Gorsachius goisagi"
"421","Turdus cardis","Turdus cardis"
"422","Caprimulgus indicus","Caprimulgus indicus"
"423","Emberiza fucata","Emberiza fucata"
"424","Vanellus cinereus","Vanellus cinereus"
"425","Ixobrychus sinensis","Ixobrychus sinensis"
"426","Emberiza spodocephala","Emberiza spodocephala"
"427","Cuculus micropterus","Cuculus micropterus"
"428","Lanius tigrinus","Lanius tigrinus"
"429","Emberiza variabilis","Emberiza variabilis"
"430","Prunella rubida","Prunella rubida"
"431","Phylloscopus borealoides","Phylloscopus borealoides"
"432","Tarsiger cyanurus","Tarsiger cyanurus"
"433","Emberiza sulphurata","Emberiza sulphurata"
"434","Phalacrocorax capillatus","Phalacrocorax capillatus"
"435","Muscicapa sibirica","Muscicapa sibirica"
"436","Otus sunia","Otus sunia"
"437","Circus spilonotus","Circus spilonotus"
"438","Rostratula benghalensis","Rostratula benghalensis"
"439","Cyanopica cyanus","Cyanopica cyanus"
"440","Saxicola torquatus","Saxicola torquatus"
"441","Gallinago hardwickii","Gallinago hardwickii"
"442","Emberiza yessoensis","Emberiza yessoensis"
"443","Phoenicurus auroreus","Phoenicurus auroreus"
"444","Lagopus muta","Lagopus muta"
"445","Larus schistisagus","Larus schistisagus"
"446","Histrionicus histrionicus","Histrionicus histrionicus"
"447","Poecile palustris","Poecile palustris"
"448","Tetrastes bonasia","Tetrastes bonasia"
"449","Locustella lanceolata","Locustella lanceolata"
"450","Grus japonensis","Grus japonensis"
"451","Cepphus carbo","Cepphus carbo"
"452","Cerorhinca monocerata","Cerorhinca monocerata"
"453","Pinicola enucleator","Pinicola enucleator"
"454","Alectoris rufa","Alectoris rufa"
"455","Calonectris borealis","Calonectris borealis"
"456","Chloris chloris","Chloris chloris"
"457","Estrilda astrild","Estrilda astrild"
"458","Larus michahellis","Larus michahellis"
"459","Puffinus lherminieri","Puffinus lherminieri"
"460","Serinus canaria","Serinus canaria"
"461","Bulweria bulwerii","Bulweria bulwerii"
"462","Hydrobates castro","Hydrobates castro"
"463","Onychoprion fuscatus","Onychoprion fuscatus"
"464","Pterodroma deserta","Pterodroma deserta"
"465","Puffinus puffinus","Puffinus puffinus"
"466","Pyrrhula murina","Pyrrhula murina"
"467","Acrocephalus dumetorum","Acrocephalus dumetorum"
"468","Anser fabalis","Anser fabalis"
"469","Bombycilla garrulus","Bombycilla garrulus"
"470","Cyanistes caeruleus","Cyanistes caeruleus"
"471","Cygnus cygnus","Cygnus cygnus"
"472","Delichon urbicum","Delichon urbicum"
"473","Emberiza rustica","Emberiza rustica"
"474","Falco columbarius","Falco columbarius"
"475","Fringilla montifringilla","Fringilla montifringilla"
"476","Gavia arctica","Gavia arctica"
"477","Lagopus lagopus","Lagopus lagopus"
"478","Lophophanes cristatus","Lophophanes cristatus"
"479","Loxia pytyopsittacus","Loxia pytyopsittacus"
"480","Lyrurus tetrix","Lyrurus tetrix"
"481","Mareca penelope","Mareca penelope"
"482","Numenius phaeopus","Numenius phaeopus"
"483","Pluvialis apricaria","Pluvialis apricaria"
"484","Spinus spinus","Spinus spinus"
"485","Tringa glareola","Tringa glareola"
"486","Tringa nebularia","Tringa nebularia"
"487","Acanthis flammea","Acanthis flammea"
"488","Aythya marila","Aythya marila"
"489","Calidris alpina","Calidris alpina"
"490","Calidris maritima","Calidris maritima"
"491","Cepphus grylle","Cepphus grylle"
"492","Charadrius hiaticula","Charadrius hiaticula"
"493","Clangula hyemalis","Clangula hyemalis"
"494","Falco rusticolus","Falco rusticolus"
"495","Fulmarus glacialis","Fulmarus glacialis"
"496","Gavia stellata","Gavia stellata"
"497","Haematopus ostralegus","Haematopus ostralegus"
"498","Larus hyperboreus","Larus hyperboreus"
"499","Phalaropus lobatus","Phalaropus lobatus"
"500","Plectrophenax nivalis","Plectrophenax nivalis"
"501","Rissa tridactyla","Rissa tridactyla"
"502","Somateria mollissima","Somateria mollissima"
"503","Stercorarius parasiticus","Stercorarius parasiticus"
"504","Sterna paradisaea","Sterna paradisaea"
"505","Alca torda","Alca torda"
"506","Catharacta skua","Catharacta skua"
"507","Fratercula arctica","Fratercula arctica"
"508","Gulosus aristotelis","Gulosus aristotelis"
"509","Larus fuscus","Larus fuscus"
"510","Morus bassanus","Morus bassanus"
"511","Tadorna tadorna","Tadorna tadorna"
"512","Uria aalge","Uria aalge"
"513","Uria lomvia","Uria lomvia"
"514","Mareca strepera","Mareca strepera"
"515","Phalaropus fulicarius","Phalaropus fulicarius"
"516","Podiceps auritus","Podiceps auritus"
"517","Anser brachyrhynchus","Anser brachyrhynchus"
"518","Anthus petrosus","Anthus petrosus"
"519","Hydrobates leucorhous","Hydrobates leucorhous"
"520","Hydrobates pelagicus","Hydrobates pelagicus"
"521","Branta leucopsis","Branta leucopsis"
"522","Spatula clypeata","Spatula clypeata"
"523","Branta bernicla","Branta bernicla"
"524","Bucephala islandica","Bucephala islandica"
"525","Melanitta nigra","Melanitta nigra"
"526","Alle alle","Alle alle"
"527","Stercorarius longicaudus","Stercorarius longicaudus"
"528","Hydrocoloeus minutus","Hydrocoloeus minutus"
"529","Acridotheres cristatellus","Acridotheres cristatellus"
"530","Alopochen aegyptiaca","Alopochen aegyptiaca"
"531","Apus pallidus","Apus pallidus"
"532","Aquila fasciata","Aquila fasciata"
"533","Burhinus oedicnemus","Burhinus oedicnemus"
"534","Calandrella brachydactyla","Calandrella brachydactyla"
"535","Caprimulgus ruficollis","Caprimulgus ruficollis"
"536","Cecropis daurica","Cecropis daurica"
"537","Cettia cetti","Cettia cetti"
"538","Circaetus gallicus","Circaetus gallicus"
"539","Cyanopica cooki","Cyanopica cooki"
"540","Dryobates minor","Dryobates minor"
"541","Elanus caeruleus","Elanus caeruleus"
"542","Emberiza calandra","Emberiza calandra"
"543","Emberiza cia","Emberiza cia"
"544","Emberiza cirlus","Emberiza cirlus"
"545","Falco naumanni","Falco naumanni"
"546","Hieraaetus pennatus","Hieraaetus pennatus"
"547","Hippolais polyglotta","Hippolais polyglotta"
"548","Lanius meridionalis","Lanius meridionalis"
"549","Lanius senator","Lanius senator"
"550","Linaria cannabina","Linaria cannabina"
"551","Melanocorypha calandra","Melanocorypha calandra"
"552","Oenanthe hispanica","Oenanthe hispanica"
"553","Petronia petronia","Petronia petronia"
"554","Phylloscopus bonelli","Phylloscopus bonelli"
"555","Phylloscopus ibericus","Phylloscopus ibericus"
"556","Picus sharpei","Picus sharpei"
"557","Porphyrio porphyrio","Porphyrio porphyrio"
"558","Ptyonoprogne rupestris","Ptyonoprogne rupestris"
"559","Regulus ignicapilla","Regulus ignicapilla"
"560","Sternula albifrons","Sternula albifrons"
"561","Sturnus unicolor","Sturnus unicolor"
"562","Tachymarptis melba","Tachymarptis melba"
"563","Zapornia pusilla","Zapornia pusilla"
"564","Anthus berthelotii","Anthus berthelotii"
"565","Apus unicolor","Apus unicolor"
"566","Columba trocaz","Columba trocaz"
"567","Passer hispaniolensis","Passer hispaniolensis"
"568","Pterodroma madeira","Pterodroma madeira"
"569","Regulus madeirensis","Regulus madeirensis"
"570","Ardeola ralloides","Ardeola ralloides"
"571","Clamator glandarius","Clamator glandarius"
"572","Pyrrhocorax pyrrhocorax","Pyrrhocorax pyrrhocorax"
"573","Coracias garrulus","Coracias garrulus"
"574","Glareola pratincola","Glareola pratincola"
"575","Oenanthe leucura","Oenanthe leucura"
"576","Tetrax tetrax","Tetrax tetrax"
"577","Galerida theklae","Galerida theklae"
"578","Larus audouinii","Larus audouinii"
"579","Amandava amandava","Amandava amandava"
"580","Alaudala rufescens","Alaudala rufescens"
"581","Apus caffer","Apus caffer"
"582","Aquila adalberti","Aquila adalberti"
"583","Cercotrichas galactotes","Cercotrichas galactotes"
"584","Neophron percnopterus","Neophron percnopterus"
"585","Otis tarda","Otis tarda"
"586","Pterocles alchata","Pterocles alchata"
"587","Pterocles orientalis","Pterocles orientalis"
"588","Iduna opaca","Iduna opaca"
"589","Chlidonias hybrida","Chlidonias hybrida"
"590","Spatula querquedula","Spatula querquedula"
"591","Gyps fulvus","Gyps fulvus"
"592","Monticola saxatilis","Monticola saxatilis"
"593","Aegypius monachus","Aegypius monachus"
"594","Fulica cristata","Fulica cristata"
"595","Oxyura leucocephala","Oxyura leucocephala"
"596","Phoenicopterus roseus","Phoenicopterus roseus"
"597","Acrocephalus melanopogon","Acrocephalus melanopogon"
"598","Larus genei","Larus genei"
"599","Marmaronetta angustirostris","Marmaronetta angustirostris"
"600","Zapornia parva","Zapornia parva"
"601","Estrilda melpoda","Estrilda melpoda"
"602","Chersophilus duponti","Chersophilus duponti"
"603","Carduelis citrinella","Carduelis citrinella"
"604","Leiopicus medius","Leiopicus medius"
"605","Pyrrhocorax graculus","Pyrrhocorax graculus"
"606","Montifringilla nivalis","Montifringilla nivalis"
"607","Tichodroma muraria","Tichodroma muraria"
"608","Linaria flavirostris","Linaria flavirostris"
"609","Thalasseus sandvicensis","Thalasseus sandvicensis"
"610","Calidris pugnax","Calidris pugnax"
"611","Bubo scandiacus","Bubo scandiacus"
"612","Chrysolophus pictus","Chrysolophus pictus"
"613","Alectoris barbara","Alectoris barbara"
"614","Eudromias morinellus","Eudromias morinellus"
"615","Circus macrourus","Circus macrourus"
"616","Clanga clanga","Clanga clanga"
"617","Emberiza aureola","Emberiza aureola"
"618","Emberiza pusilla","Emberiza pusilla"
"619","Falco vespertinus","Falco vespertinus"
"620","Gallinago media","Gallinago media"
"621","Iduna caligata","Iduna caligata"
"622","Lymnocryptes minimus","Lymnocryptes minimus"
"623","Melanitta fusca","Melanitta fusca"
"624","Mergellus albellus","Mergellus albellus"
"625","Phylloscopus borealis","Phylloscopus borealis"
"626","Strix nebulosa","Strix nebulosa"
"627","Surnia ulula","Surnia ulula"
"628","Xenus cinereus","Xenus cinereus"
"629","Calcarius lapponicus","Calcarius lapponicus"
"630","Xema sabini","Xema sabini"
"631","Bucanetes githagineus","Bucanetes githagineus"
"632","Tadorna ferruginea","Tadorna ferruginea"
"633","Gypaetus barbatus","Gypaetus barbatus"
"634","Calonectris diomedea","Calonectris diomedea"
"635","Chlidonias leucopterus","Chlidonias leucopterus"
"636","Lanius minor","Lanius minor"
"637","Syrmaticus reevesii","Syrmaticus reevesii"
"638","Alectoris chukar","Alectoris chukar"
"639","Chrysolophus amherstiae","Chrysolophus amherstiae"
"640","Loxia scotica","Loxia scotica"
"641","Calidris temminckii","Calidris temminckii"
"642","Arenaria interpres","Arenaria interpres"
"643","Falco eleonorae","Falco eleonorae"
"644","Puffinus mauretanicus","Puffinus mauretanicus"
"645","Hydroprogne caspia","Hydroprogne caspia"
"646","Glareola nordmanni","Glareola nordmanni"
"647","Alectoris graeca","Alectoris graeca"
"648","Puffinus yelkouan","Puffinus yelkouan"
"649","Clanga pomarina","Clanga pomarina"
"650","Passer italiae","Passer italiae"
"651","Anser erythropus","Anser erythropus"
"652","Motacilla citreola","Motacilla citreola"
"653","Anser albifrons","Anser albifrons"
"654","Buteo lagopus","Buteo lagopus"
"655","Carduelis corsicana","Carduelis corsicana"
"656","Emberiza melanocephala","Emberiza melanocephala"
"657","Tringa stagnatilis","Tringa stagnatilis"
"658","Perisoreus infaustus","Perisoreus infaustus"
"659","Calidris falcinellus","Calidris falcinellus"
"660","Poecile cinctus","Poecile cinctus"
"661","Anthus cervinus","Anthus cervinus"
"662","Tringa erythropus","Tringa erythropus"
"663","Limosa lapponica","Limosa lapponica"
"664","Calidris melanotos","Calidris melanotos"
"665","Spilopelia senegalensis","Spilopelia senegalensis"
"666","Falco biarmicus","Falco biarmicus"
"667","Buteo rufinus","Buteo rufinus"
"668","Cyanistes teneriffae","Cyanistes teneriffae"
"669","Sitta whiteheadi","Sitta whiteheadi"
"670","Callipepla californica","Callipepla californica"
"671","Microcarbo pygmaeus","Microcarbo pygmaeus"
"672","Iduna pallida","Iduna pallida"
"673","Hippolais olivetorum","Hippolais olivetorum"
"674","Pastor roseus","Pastor roseus"
"675","Sitta neumayer","Sitta neumayer"
"676","Poecile lugubris","Poecile lugubris"
"677","Accipiter brevipes","Accipiter brevipes"
"678","Phylloscopus orientalis","Phylloscopus orientalis"
"679","Ficedula semitorquata","Ficedula semitorquata"
"680","Aquila heliaca","Aquila heliaca"
"681","Acrocephalus paludicola","Acrocephalus paludicola"
"682","Somateria spectabilis","Somateria spectabilis"
"683","Calidris minuta","Calidris minuta"
"684","Calidris alba","Calidris alba"
"685","Calidris canutus","Calidris canutus"
"686","Pagophila eburnea","Pagophila eburnea"
"687","Emberiza caesia","Emberiza caesia"
"688","Pelecanus crispus","Pelecanus crispus"
"689","Lanius nubicus","Lanius nubicus"
"690","Pelecanus onocrotalus","Pelecanus onocrotalus"
"691","Oenanthe pleschanka","Oenanthe pleschanka"
"692","Vanellus spinosus","Vanellus spinosus"
"693","Oenanthe isabellina","Oenanthe isabellina"
"694","Acrocephalus agricola","Acrocephalus agricola"
"695","Emberiza cineracea","Emberiza cineracea"
"696","Sitta krueperi","Sitta krueperi"
"697","Oenanthe finschii","Oenanthe finschii"
"698","Serinus pusillus","Serinus pusillus"
"699","Larus ichthyaetus","Larus ichthyaetus"
"700","Cyanistes cyanus","Cyanistes cyanus"
"701","Cuculus saturatus","Cuculus saturatus"
"702","Stercorarius pomarinus","Stercorarius pomarinus"
"703","Zoothera aurea","Zoothera aurea"
"704","Anthropoides virgo","Anthropoides virgo"
"705","Merops persicus","Merops persicus"
"706","Alauda leucoptera","Alauda leucoptera"
"707","Emberiza bruniceps","Emberiza bruniceps"
"708","Vanellus gregarius","Vanellus gregarius"
"709","Aquila nipalensis","Aquila nipalensis"
"710","Charadrius asiaticus","Charadrius asiaticus"
"711","Pluvialis squatarola","Pluvialis squatarola"
"712","Phylloscopus nitidus","Phylloscopus nitidus"
"713","Lyrurus mlokosiewiczi","Lyrurus mlokosiewiczi"
"714","Phylloscopus sindianus","Phylloscopus sindianus"
"715","Carpodacus rubicilla","Carpodacus rubicilla"
"716","Tetraogallus caucasicus","Tetraogallus caucasicus"
"717","Tetraogallus caspius","Tetraogallus caspius"
"718","Bucanetes mongolicus","Bucanetes mongolicus"
"719","Charadrius leschenaultii","Charadrius leschenaultii"
"720","Vanellus leucurus","Vanellus leucurus"
"721","Larus armenicus","Larus armenicus"
"722","Francolinus francolinus","Francolinus francolinus"
"723","Cygnus columbianus","Cygnus columbianus"
"724","Calliope calliope","Calliope calliope"
"725","Pelagodroma marina","Pelagodroma marina"
"726","Turdus atrogularis","Turdus atrogularis"
"727","Oenanthe deserti","Oenanthe deserti"
"728","Phylloscopus inornatus","Phylloscopus inornatus"
"729","Prunella montanella","Prunella montanella"
"730","Gallinago stenura","Gallinago stenura"
"731","Prunella atrogularis","Prunella atrogularis"
"732","Polysticta stelleri","Polysticta stelleri"
"733","Emberiza pallasi","Emberiza pallasi"
"734","Carduelis spinus","Spinus spinus"
"735","Dendrocopos minor","Dryobates minor"
"736","Parus ater","Periparus ater"
"737","Parus cristatus","Lophophanes cristatus"
"738","Parus montanus","Poecile montanus"
"739","Parus palustris","Poecile palustris"
"740","Anas querquedula","Spatula querquedula"
"741","Saxicola torquata","Saxicola torquatus"
"742","Carduelis flammea","Acanthis flammea"
"743","Tetrao tetrix","Lyrurus tetrix"
"744","Anas strepera","Mareca strepera"
"745","Dendrocopos medius","Leiopicus medius"
"746","Anas clypeata","Spatula clypeata"
"747","Aquila pomarina","Clanga pomarina"
"748","Charadrius morinellus","Eudromias morinellus"
"749","Porzana parva","Zapornia parva"
"750","Butorides virescens","Butorides striata"
"751","Carpodacus mexicanus","Haemorhous mexicanus"
"752","Carpodacus purpureus","Haemorhous purpureus"
"753","Dendroica caerulescens","Setophaga caerulescens"
"754","Dendroica coronata","Setophaga coronata"
"755","Dendroica fusca","Setophaga fusca"
"756","Dendroica magnolia","Setophaga magnolia"
"757","Dendroica pensylvanica","Setophaga pensylvanica"
"758","Dendroica petechia","Setophaga petechia"
"759","Dendroica virens","Setophaga virens"
"760","Dryocopus pileatus","Hylatomus pileatus"
"761","Picoides pubescens","Dryobates pubescens"
"762","Seiurus motacilla","Parkesia noveboracensis"
"763","Seiurus motacilla","Parkesia motacilla"
"764","Vermivora pinus","Vermivora cyanoptera"
"765","Wilsonia citrina","Setophaga citrina"
"766","Picoides villosus","Leuconotopicus villosus"
"767","Ammodramus henslowii","Passerculus henslowii"
"768","Wilsonia canadensis","Cardellina canadensis"
"769","Anas discors","Spatula discors"
"770","Vermivora ruficapilla","Leiothlypis ruficapilla"
"771","Parula americana","Setophaga americana"
"772","Dendroica pinus","Setophaga pinus"
"773","Dendroica cerulea","Setophaga cerulea"
"774","Anas americana","Mareca americana"
"775","Dendroica discolor","Setophaga discolor"
"776","Phalacrocorax auritus","Nannopterum auritus"
"777","Caprimulgus vociferus","Antrostomus vociferus"
"778","Dendroica dominica","Setophaga dominica"
"779","Dendroica castanea","Setophaga castanea"
"780","Dendroica striata","Setophaga striata"
"781","Vermivora peregrina","Leiothlypis peregrina"
"782","Dendroica palmarum","Setophaga palmarum"
"783","Dendroica tigrina","Setophaga tigrina"
"784","Wilsonia pusilla","Cardellina pusilla"
"785","Ammodramus caudacutus","Ammospiza caudacuta"
"786","Caprimulgus carolinensis","Antrostomus carolinensis"
"787","Leucophaeus atricilla","Larus atricilla"
"788","Locustella fasciolata","Helopsaltes fasciolatus"
"789","Cettia diphone","Horornis diphone"
"790","Dendrocopos kizuki","Picoides kizuki"
"791","Porzana fusca","Zapornia fusca"
"792","Sapheopipo noguchii","Dendrocopos noguchii"
"793","Luscinia cyane","Larvivora cyane"
"794","Anas falcata","Mareca falcata"
"795","Locustella pleskei","Helopsaltes pleskei"
"796","Zoothera sibirica","Geokichla sibirica"
"797","Locustella ochotensis","Helopsaltes ochotensis"
"798","Phalacrocorax pelagicus","Urile pelagicus"
"799","Luscinia calliope","Calliope calliope"
"800","Uragus sibiricus","Carpodacus sibiricus"
"801","Psittacula krameri","Alexandrinus krameri"
"802","Carduelis cannabina","Linaria cannabina"
"803","Carduelis chloris","Chloris chloris"
"804","Delichon urbica","Delichon urbicum"
"805","Miliaria calandra","Emberiza calandra"
"806","Parus caeruleus","Cyanistes caeruleus"
"807","Sylvia communis","Curruca communis"
"808","Sylvia curruca","Curruca curruca"
"809","Regulus ignicapillus","Regulus ignicapilla"
"810","Sylvia nisoria","Curruca nisoria"
"811","Bonasa bonasia","Tetrastes bonasia"
"812","Oporornis philadelphia","Geothlypis philadelphia"
"813","Seiurus noveboracensis","Parkesia noveboracensis"
"814","Coccothraustes vespertinus","Hesperiphona vespertina"
"815","Hydropogne caspia","Hydroprogne caspia"
"816","Oporornis formosus","Geothlypis formosa"
"817","Regulus calendula","Corthylio calendula"
"818","Picoides dorsalis","Picoides dorsalis"
"819","Falcipennis canadensis","Canachites canadensis"
"820","Ammodramus maritimus","Ammospiza maritima"
"821","Egretta intermedia","Ardea intermedia"
"822","Parus minor","Parus minor"
"823","Sterna albifrons","Sternula albifrons"
"824","Poecile varius","Sittiparus varius"
"825","Hirundo daurica","Cecropis daurica"
"826","Luscinia komadori","Larvivora komadori"
"827","Gallirallus okinawae","Hypotaenidia okinawae"
"828","Luscinia akahige","Larvivora akahige"
"829","Passer rutilans","Passer cinnamomeus"
"830","Locustella pryeri","Helopsaltes pryeri"
"831","Sylvia conspicillata","Curruca conspicillata"
"832","Sylvia hortensis","Curruca hortensis"
"833","Sylvia melanocephala","Curruca melanocephala"
"834","Sylvia undata","Curruca undata"
"835","Sylvia cantillans","Curruca cantillans"
"836","Cyanecula svecica","Luscinia svecica"
"837","Sylvia balearica","Curruca balearica"
"838","Sylvia subalpina","Curruca subalpina"
"839","Sylvia sarda","Curruca sarda"
"840","Sylvia crassirostris","Curruca crassirostris"
"841","Sylvia ruppeli","Curruca ruppeli"
"842","Sylvia mystacea","Curruca mystacea"
