"","verbatim_name","dataset","log_R2_1"
"1","Acanthis flammea","Birds_atlas_EBBA",0.379150605464222
"2","Accipiter brevipes","Birds_atlas_EBBA",0.655005216484735
"3","Accipiter cooperii","Birds_Atlas_New_York",0.900843784712817
"4","Accipiter gentilis","Birds_Atlas_Czechia",-0.0247001479295922
"5","Accipiter gentilis","Birds_atlas_EBBA",0.193329992735685
"6","Accipiter gentilis","Birds_atlas_Japan",-0.082012192393554
"7","Accipiter gentilis","Birds_Atlas_New_York",-0.223809215038286
"8","Accipiter gularis","Birds_atlas_Japan",-0.265697838028919
"9","Accipiter nisus","Birds_Atlas_Czechia",0.0458622379873845
"10","Accipiter nisus","Birds_atlas_EBBA",0.178107213539651
"11","Accipiter nisus","Birds_atlas_Japan",-0.868931708389236
"12","Accipiter striatus","Birds_Atlas_New_York",0.515950433827272
"13","Acridotheres cristatellus","Birds_atlas_EBBA",0.693148888390504
"14","Acrocephalus agricola","Birds_atlas_EBBA",1.16066917119785
"15","Acrocephalus arundinaceus","Birds_Atlas_Czechia",0.0581575795490123
"16","Acrocephalus arundinaceus","Birds_atlas_EBBA",0.223185862072921
"17","Acrocephalus bistrigiceps","Birds_atlas_Japan",-0.59633050826416
"18","Acrocephalus dumetorum","Birds_atlas_EBBA",1.25109490044566
"19","Acrocephalus melanopogon","Birds_atlas_EBBA",0.20937488571135
"20","Acrocephalus orientalis","Birds_atlas_Japan",0.00299855630441005
"21","Acrocephalus paludicola","Birds_atlas_EBBA",-0.224715456824061
"22","Acrocephalus palustris","Birds_Atlas_Czechia",0.060697905878757
"23","Acrocephalus palustris","Birds_atlas_EBBA",0.275004573603067
"24","Acrocephalus schoenobaenus","Birds_Atlas_Czechia",0.197183793405806
"25","Acrocephalus schoenobaenus","Birds_atlas_EBBA",0.228978389549622
"26","Acrocephalus scirpaceus","Birds_Atlas_Czechia",0.0412875076482117
"27","Acrocephalus scirpaceus","Birds_atlas_EBBA",0.249408135021087
"28","Actitis hypoleucos","Birds_Atlas_Czechia",0.00436178571016933
"29","Actitis hypoleucos","Birds_atlas_EBBA",0.249630438726138
"30","Actitis hypoleucos","Birds_atlas_Japan",-0.434186479411829
"31","Actitis macularius","Birds_Atlas_New_York",-0.133624552356271
"32","Aegithalos caudatus","Birds_Atlas_Czechia",0.0363760014296008
"33","Aegithalos caudatus","Birds_atlas_EBBA",0.219467569773302
"34","Aegithalos caudatus","Birds_atlas_Japan",-0.0952609640563411
"35","Aegolius acadicus","Birds_Atlas_New_York",0.123689465338014
"36","Aegolius funereus","Birds_Atlas_Czechia",0.471542366470092
"37","Aegolius funereus","Birds_atlas_EBBA",0.280466675735201
"38","Aegypius monachus","Birds_atlas_EBBA",0.177303415757623
"39","Agelaius phoeniceus","Birds_Atlas_New_York",-0.0179542136027569
"40","Agropsar philippensis","Birds_atlas_Japan",0.0828071662800355
"41","Aix galericulata","Birds_atlas_EBBA",1.83023379189227
"42","Aix galericulata","Birds_atlas_Japan",0.269586203727644
"43","Aix sponsa","Birds_atlas_EBBA",2.16584202982251
"44","Aix sponsa","Birds_Atlas_New_York",0.37000226756128
"45","Alauda arvensis","Birds_Atlas_Czechia",-0.00326600935814488
"46","Alauda arvensis","Birds_atlas_EBBA",0.0965526961150671
"47","Alauda arvensis","Birds_atlas_Japan",-0.00300844726606135
"48","Alauda leucoptera","Birds_atlas_EBBA",2.55103859419796
"49","Alaudala rufescens","Birds_atlas_EBBA",0.667371368934
"50","Alca torda","Birds_atlas_EBBA",0.079784838779709
"51","Alcedo atthis","Birds_Atlas_Czechia",0.237952723612848
"52","Alcedo atthis","Birds_atlas_EBBA",0.0936908096883412
"53","Alcedo atthis","Birds_atlas_Japan",-0.0926918905746456
"54","Alectoris barbara","Birds_atlas_EBBA",0.0478732309344941
"55","Alectoris chukar","Birds_atlas_EBBA",0.569899530923825
"56","Alectoris graeca","Birds_atlas_EBBA",-0.15318274574787
"57","Alectoris rufa","Birds_atlas_EBBA",0.113301233167836
"58","Alle alle","Birds_atlas_EBBA",0.104447203755839
"59","Alopochen aegyptiaca","Birds_atlas_EBBA",2.50307560694856
"60","Amandava amandava","Birds_atlas_EBBA",0.985787429263416
"61","Amaurornis phoenicurus","Birds_atlas_Japan",-0.238777872305709
"62","Ammodramus caudacutus","Birds_Atlas_New_York",-0.16578555690676
"63","Ammodramus henslowii","Birds_Atlas_New_York",-1.60348804929205
"64","Ammodramus maritimus","Birds_Atlas_New_York",-0.287713284339052
"65","Ammodramus savannarum","Birds_Atlas_New_York",-0.544170788256649
"66","Anas acuta","Birds_Atlas_Czechia",0.000992090673383979
"67","Anas acuta","Birds_atlas_EBBA",0.1116976422658
"68","Anas acuta","Birds_Atlas_New_York",-1.25269327744596
"69","Anas americana","Birds_Atlas_New_York",-0.646860450483645
"70","Anas clypeata","Birds_Atlas_Czechia",-0.0850334114705441
"71","Anas clypeata","Birds_atlas_Japan",-0.698566604415768
"72","Anas clypeata","Birds_Atlas_New_York",0.274414210425644
"73","Anas crecca","Birds_Atlas_Czechia",-0.180130222362953
"74","Anas crecca","Birds_atlas_EBBA",0.246188998622092
"75","Anas crecca","Birds_atlas_Japan",-0.197256378445674
"76","Anas crecca","Birds_Atlas_New_York",-0.597716503135712
"77","Anas discors","Birds_Atlas_New_York",-1.00113516997458
"78","Anas falcata","Birds_atlas_Japan",0.39033942083046
"79","Anas platyrhynchos","Birds_Atlas_Czechia",0.0231657585357419
"80","Anas platyrhynchos","Birds_atlas_EBBA",0.234255938667627
"81","Anas platyrhynchos","Birds_atlas_Japan",-0.0117256939816462
"82","Anas platyrhynchos","Birds_Atlas_New_York",0.235657451949045
"83","Anas querquedula","Birds_Atlas_Czechia",0.032125932982107
"84","Anas rubripes","Birds_Atlas_New_York",-0.415914263018079
"85","Anas strepera","Birds_Atlas_Czechia",0.32105383302819
"86","Anas strepera","Birds_atlas_Japan",1.1783528405658
"87","Anas strepera","Birds_Atlas_New_York",0.00889931434099039
"88","Anas zonorhyncha","Birds_atlas_Japan",0.30416937788319
"89","Anous stolidus","Birds_atlas_Japan",0
"90","Anser albifrons","Birds_atlas_EBBA",2.44581917948517
"91","Anser anser","Birds_Atlas_Czechia",0.720339628530981
"92","Anser anser","Birds_atlas_EBBA",0.655021625324013
"93","Anser brachyrhynchus","Birds_atlas_EBBA",0.228665821218161
"94","Anser erythropus","Birds_atlas_EBBA",-0.948532651140693
"95","Anser fabalis","Birds_atlas_EBBA",0.37563187894543
"96","Anthropoides virgo","Birds_atlas_EBBA",0.964148536688668
"97","Anthus berthelotii","Birds_atlas_EBBA",0
"98","Anthus campestris","Birds_Atlas_Czechia",-0.361933935698617
"99","Anthus campestris","Birds_atlas_EBBA",0.148589290762804
"100","Anthus cervinus","Birds_atlas_EBBA",0.402560475784817
"101","Anthus hodgsoni","Birds_atlas_EBBA",0.676054065563037
"102","Anthus hodgsoni","Birds_atlas_Japan",-0.447629282180392
"103","Anthus petrosus","Birds_atlas_EBBA",-0.00402023146424921
"104","Anthus pratensis","Birds_Atlas_Czechia",0.036440607967284
"105","Anthus pratensis","Birds_atlas_EBBA",0.144465683432564
"106","Anthus spinoletta","Birds_Atlas_Czechia",-0.155443469816212
"107","Anthus spinoletta","Birds_atlas_EBBA",0.0518841828725303
"108","Anthus trivialis","Birds_Atlas_Czechia",-0.00810084601349004
"109","Anthus trivialis","Birds_atlas_EBBA",0.217646662444933
"110","Apalopteron familiare","Birds_atlas_Japan",0
"111","Apus apus","Birds_Atlas_Czechia",0.0147293564678972
"112","Apus apus","Birds_atlas_EBBA",0.188996023804801
"113","Apus caffer","Birds_atlas_EBBA",1.2285946746041
"114","Apus nipalensis","Birds_atlas_Japan",-0.770485672987337
"115","Apus pacificus","Birds_atlas_Japan",-0.507211434932342
"116","Apus pallidus","Birds_atlas_EBBA",0.705790101494188
"117","Apus unicolor","Birds_atlas_EBBA",0
"118","Aquila adalberti","Birds_atlas_EBBA",0.494218790726944
"119","Aquila chrysaetos","Birds_atlas_EBBA",0.309441345114237
"120","Aquila chrysaetos","Birds_Atlas_New_York",0.11777239575503
"121","Aquila fasciata","Birds_atlas_EBBA",-0.0511696896064865
"122","Aquila heliaca","Birds_atlas_EBBA",0.556955876605874
"123","Aquila nipalensis","Birds_atlas_EBBA",1.10977410741705
"124","Aquila pomarina","Birds_Atlas_Czechia",0.0717998866340549
"125","Archilochus colubris","Birds_Atlas_New_York",0.188309831731465
"126","Ardea alba","Birds_atlas_EBBA",1.51391158926623
"127","Ardea alba","Birds_atlas_Japan",0.443035567727092
"128","Ardea alba","Birds_Atlas_New_York",0.535123602969968
"129","Ardea cinerea","Birds_Atlas_Czechia",0.460172085561732
"130","Ardea cinerea","Birds_atlas_EBBA",0.296752011948773
"131","Ardea cinerea","Birds_atlas_Japan",0.202492956052101
"132","Ardea herodias","Birds_Atlas_New_York",0.182326801301491
"133","Ardea purpurea","Birds_Atlas_Czechia",0.641375584980369
"134","Ardea purpurea","Birds_atlas_EBBA",0.368277559367427
"135","Ardea purpurea","Birds_atlas_Japan",-1.38758700231727
"136","Ardeola ralloides","Birds_atlas_EBBA",0.525733013587507
"137","Arenaria interpres","Birds_atlas_EBBA",0.142733256014178
"138","Asio flammeus","Birds_Atlas_Czechia",0.955059617005948
"139","Asio flammeus","Birds_atlas_EBBA",0.338029556319509
"140","Asio flammeus","Birds_Atlas_New_York",-0.405455005891826
"141","Asio otus","Birds_Atlas_Czechia",-0.0114884995824253
"142","Asio otus","Birds_atlas_EBBA",0.181668968855303
"143","Asio otus","Birds_atlas_Japan",-0.674776838147386
"144","Asio otus","Birds_Atlas_New_York",-0.523390571019842
"145","Athene noctua","Birds_Atlas_Czechia",-0.935923199134716
"146","Athene noctua","Birds_atlas_EBBA",0.0492753887952929
"147","Aythya affinis","Birds_Atlas_New_York",-0.406363843874837
"148","Aythya americana","Birds_Atlas_New_York",0.558933256190958
"149","Aythya collaris","Birds_Atlas_New_York",0.724511546951528
"150","Aythya ferina","Birds_Atlas_Czechia",-0.0905672251218027
"151","Aythya ferina","Birds_atlas_EBBA",0.205186431062817
"152","Aythya ferina","Birds_atlas_Japan",-0.947020173486538
"153","Aythya fuligula","Birds_Atlas_Czechia",0.0180277355220128
"154","Aythya fuligula","Birds_atlas_EBBA",0.201467285931193
"155","Aythya fuligula","Birds_atlas_Japan",-0.338477006191155
"156","Aythya marila","Birds_atlas_EBBA",-0.267565010222229
"157","Aythya nyroca","Birds_Atlas_Czechia",-0.80144322671186
"158","Aythya nyroca","Birds_atlas_EBBA",0.262951396859979
"159","Aythya valisineria","Birds_Atlas_New_York",1.841480781848e-05
"160","Baeolophus bicolor","Birds_Atlas_New_York",0.694946239319883
"161","Bambusicola thoracicus","Birds_atlas_Japan",-0.137361496477609
"162","Bartramia longicauda","Birds_Atlas_New_York",-1.05940138545752
"163","Bombycilla cedrorum","Birds_Atlas_New_York",0.0205447065668972
"164","Bombycilla garrulus","Birds_atlas_EBBA",1.17083718959285
"165","Bonasa bonasia","Birds_Atlas_Czechia",0.0270717580622805
"166","Bonasa bonasia","Birds_atlas_EBBA",0.3212496944639
"167","Bonasa umbellus","Birds_Atlas_New_York",-0.203010923827402
"168","Botaurus lentiginosus","Birds_Atlas_New_York",-0.110700838595243
"169","Botaurus stellaris","Birds_Atlas_Czechia",0.362359884255505
"170","Botaurus stellaris","Birds_atlas_EBBA",0.430639557436206
"171","Branta bernicla","Birds_atlas_EBBA",-0.120999264799185
"172","Branta canadensis","Birds_atlas_EBBA",0.576868390221099
"173","Branta canadensis","Birds_Atlas_New_York",1.32058707959118
"174","Branta leucopsis","Birds_atlas_EBBA",1.80067387138711
"175","Bubo bubo","Birds_Atlas_Czechia",0.00954363795819299
"176","Bubo bubo","Birds_atlas_EBBA",0.302192816962039
"177","Bubo scandiacus","Birds_atlas_EBBA",-1.34707796529448
"178","Bubo virginianus","Birds_Atlas_New_York",-0.193479093482556
"179","Bubulcus ibis","Birds_atlas_EBBA",1.70987328035423
"180","Bubulcus ibis","Birds_atlas_Japan",-0.995091980592124
"181","Bubulcus ibis","Birds_Atlas_New_York",-1.04940057582408
"182","Bucanetes githagineus","Birds_atlas_EBBA",0.636211627602243
"183","Bucanetes mongolicus","Birds_atlas_EBBA",0.916299088878057
"184","Bucephala clangula","Birds_Atlas_Czechia",0.711273204760221
"185","Bucephala clangula","Birds_atlas_EBBA",0.518589305270641
"186","Bucephala clangula","Birds_Atlas_New_York",0.255826199841914
"187","Bucephala islandica","Birds_atlas_EBBA",0.992134161865704
"188","Bulweria bulwerii","Birds_atlas_EBBA",0
"189","Burhinus oedicnemus","Birds_atlas_EBBA",0.0859239498627306
"190","Butastur indicus","Birds_atlas_Japan",-0.324925472213898
"191","Buteo buteo","Birds_Atlas_Czechia",-0.00164784349554292
"192","Buteo buteo","Birds_atlas_EBBA",0.224358681224585
"193","Buteo buteo","Birds_atlas_Japan",0.325347286732426
"194","Buteo jamaicensis","Birds_Atlas_New_York",0.0615858576549385
"195","Buteo lagopus","Birds_atlas_EBBA",0.167124223491542
"196","Buteo lineatus","Birds_Atlas_New_York",0.208799545961113
"197","Buteo platypterus","Birds_Atlas_New_York",0.00713726716143496
"198","Buteo rufinus","Birds_atlas_EBBA",1.40313855308668
"199","Butorides striata","Birds_atlas_Japan",-0.880313632040424
"200","Butorides virescens","Birds_Atlas_New_York",-0.139870962448882
"201","Calandrella brachydactyla","Birds_atlas_EBBA",0.0152166555613259
"202","Calcarius lapponicus","Birds_atlas_EBBA",0.247052800365112
"203","Calidris alba","Birds_atlas_EBBA",-0.287674874266783
"204","Calidris alpina","Birds_atlas_EBBA",-0.188029135096778
"205","Calidris canutus","Birds_atlas_EBBA",1.09859777898454
"206","Calidris falcinellus","Birds_atlas_EBBA",-0.201186545444052
"207","Calidris maritima","Birds_atlas_EBBA",-0.112693865976681
"208","Calidris melanotos","Birds_atlas_EBBA",1.21970676166476
"209","Calidris minuta","Birds_atlas_EBBA",0.602554988602119
"210","Calidris pugnax","Birds_atlas_EBBA",-0.270947284739468
"211","Calidris temminckii","Birds_atlas_EBBA",0.176924546141137
"212","Calliope calliope","Birds_atlas_EBBA",-0.906725250266827
"213","Callipepla californica","Birds_atlas_EBBA",0
"214","Calonectris borealis","Birds_atlas_EBBA",0.262423355570785
"215","Calonectris diomedea","Birds_atlas_EBBA",-0.0454110291422425
"216","Calonectris leucomelas","Birds_atlas_Japan",-0.281176886940638
"217","Caprimulgus carolinensis","Birds_Atlas_New_York",-0.965083656567917
"218","Caprimulgus europaeus","Birds_Atlas_Czechia",-0.46522402238835
"219","Caprimulgus europaeus","Birds_atlas_EBBA",0.209044222535591
"220","Caprimulgus indicus","Birds_atlas_Japan",0.784096647481855
"221","Caprimulgus ruficollis","Birds_atlas_EBBA",0.242649769402048
"222","Caprimulgus vociferus","Birds_Atlas_New_York",-0.854408285409803
"223","Cardinalis cardinalis","Birds_Atlas_New_York",0.0854841641625507
"224","Carduelis cannabina","Birds_Atlas_Czechia",0.0404487346223045
"225","Carduelis carduelis","Birds_Atlas_Czechia",0.00805315823939175
"226","Carduelis carduelis","Birds_atlas_EBBA",0.2100723882358
"227","Carduelis chloris","Birds_Atlas_Czechia",0.00159669935500102
"228","Carduelis citrinella","Birds_atlas_EBBA",0.035433803275024
"229","Carduelis corsicana","Birds_atlas_EBBA",-0.127867073049705
"230","Carduelis flammea","Birds_Atlas_Czechia",0.114172235965515
"231","Carduelis spinus","Birds_Atlas_Czechia",0.0276345927216906
"232","Carduelis spinus","Birds_atlas_Japan",-0.408932796287721
"233","Carpodacus erythrinus","Birds_Atlas_Czechia",0.194561706291349
"234","Carpodacus erythrinus","Birds_atlas_EBBA",0.534130837317733
"235","Carpodacus mexicanus","Birds_Atlas_New_York",0.174879088885495
"236","Carpodacus purpureus","Birds_Atlas_New_York",0.0041419593503137
"237","Carpodacus rubicilla","Birds_atlas_EBBA",2.46532443242734
"238","Catharacta skua","Birds_atlas_EBBA",0.37609853403678
"239","Cathartes aura","Birds_Atlas_New_York",0.536050809708516
"240","Catharus bicknelli","Birds_Atlas_New_York",0.379476296228938
"241","Catharus fuscescens","Birds_Atlas_New_York",-0.0266543332385371
"242","Catharus guttatus","Birds_Atlas_New_York",0.265929254226996
"243","Catharus ustulatus","Birds_Atlas_New_York",-0.182073729584369
"244","Cecropis daurica","Birds_atlas_EBBA",0.477332216429144
"245","Cepphus carbo","Birds_atlas_Japan",0.684991893658521
"246","Cepphus grylle","Birds_atlas_EBBA",0.0720584683164142
"247","Cercotrichas galactotes","Birds_atlas_EBBA",-0.298673202861104
"248","Cerorhinca monocerata","Birds_atlas_Japan",-1.10962657408474
"249","Certhia americana","Birds_Atlas_New_York",0.0478963916910572
"250","Certhia brachydactyla","Birds_Atlas_Czechia",0.0688024402756895
"251","Certhia brachydactyla","Birds_atlas_EBBA",0.0911852951550136
"252","Certhia familiaris","Birds_Atlas_Czechia",0.0682299622941421
"253","Certhia familiaris","Birds_atlas_EBBA",0.253109697316118
"254","Certhia familiaris","Birds_atlas_Japan",0.942221391629307
"255","Cettia cetti","Birds_atlas_EBBA",0.282323929677512
"256","Cettia diphone","Birds_atlas_Japan",0.0103755939161096
"257","Chaetura pelagica","Birds_Atlas_New_York",-0.164273411593436
"258","Chalcophaps indica","Birds_atlas_Japan",0.469708103020723
"259","Charadrius alexandrinus","Birds_atlas_EBBA",0.194748563782105
"260","Charadrius alexandrinus","Birds_atlas_Japan",-0.870810302305009
"261","Charadrius asiaticus","Birds_atlas_EBBA",-1.82603884188071
"262","Charadrius dubius","Birds_Atlas_Czechia",0.0379402812792268
"263","Charadrius dubius","Birds_atlas_EBBA",0.259617038442777
"264","Charadrius dubius","Birds_atlas_Japan",-0.100015667469411
"265","Charadrius hiaticula","Birds_atlas_EBBA",0.135243099770712
"266","Charadrius leschenaultii","Birds_atlas_EBBA",1.60884947647139
"267","Charadrius melodus","Birds_Atlas_New_York",0.026645909031832
"268","Charadrius morinellus","Birds_Atlas_Czechia",-0.70047745189786
"269","Charadrius placidus","Birds_atlas_Japan",0.124838792893321
"270","Charadrius vociferus","Birds_Atlas_New_York",-0.0420089117735257
"271","Chersophilus duponti","Birds_atlas_EBBA",0.250764851809065
"272","Chlidonias hybrida","Birds_atlas_EBBA",0.776760301326482
"273","Chlidonias leucopterus","Birds_atlas_EBBA",0.574376482301383
"274","Chlidonias niger","Birds_Atlas_Czechia",-0.318072826186324
"275","Chlidonias niger","Birds_atlas_EBBA",0.000871106895403212
"276","Chlidonias niger","Birds_Atlas_New_York",-0.506210881793191
"277","Chloris chloris","Birds_atlas_EBBA",0.169525658969189
"278","Chloris sinica","Birds_atlas_Japan",-0.00684682714353303
"279","Chordeiles minor","Birds_Atlas_New_York",-1.24009534545801
"280","Chrysolophus amherstiae","Birds_atlas_EBBA",-0.0320141085518953
"281","Chrysolophus pictus","Birds_atlas_EBBA",-0.592613887346176
"282","Ciconia ciconia","Birds_Atlas_Czechia",0.0478092585333654
"283","Ciconia ciconia","Birds_atlas_EBBA",0.228190081545482
"284","Ciconia nigra","Birds_Atlas_Czechia",0.235166290147305
"285","Ciconia nigra","Birds_atlas_EBBA",0.348122169344965
"286","Cinclus cinclus","Birds_Atlas_Czechia",0.039620484557671
"287","Cinclus cinclus","Birds_atlas_EBBA",0.0921369632651818
"288","Cinclus pallasii","Birds_atlas_Japan",0.047987057377415
"289","Circaetus gallicus","Birds_atlas_EBBA",0.382264530542873
"290","Circus aeruginosus","Birds_Atlas_Czechia",0.286198636274924
"291","Circus aeruginosus","Birds_atlas_EBBA",0.373260578503166
"292","Circus cyaneus","Birds_Atlas_Czechia",-0.0394743220141287
"293","Circus cyaneus","Birds_atlas_EBBA",-0.0156125739515962
"294","Circus cyaneus","Birds_Atlas_New_York",-0.0140116094157838
"295","Circus macrourus","Birds_atlas_EBBA",0.636243154059984
"296","Circus pygargus","Birds_Atlas_Czechia",0.836186931960728
"297","Circus pygargus","Birds_atlas_EBBA",0.308618227123472
"298","Circus spilonotus","Birds_atlas_Japan",-0.167337341959051
"299","Cisticola juncidis","Birds_atlas_EBBA",0.24032468309469
"300","Cisticola juncidis","Birds_atlas_Japan",-0.147872884182255
"301","Cistothorus palustris","Birds_Atlas_New_York",0.0489381653089941
"302","Cistothorus platensis","Birds_Atlas_New_York",0.233465633111122
"303","Clamator glandarius","Birds_atlas_EBBA",0.22672246638257
"304","Clanga clanga","Birds_atlas_EBBA",0.681125663478766
"305","Clanga pomarina","Birds_atlas_EBBA",0.415927774966378
"306","Clangula hyemalis","Birds_atlas_EBBA",-0.0374118102536949
"307","Coccothraustes coccothraustes","Birds_Atlas_Czechia",0.0794968434917426
"308","Coccothraustes coccothraustes","Birds_atlas_EBBA",0.272399950012999
"309","Coccothraustes coccothraustes","Birds_atlas_Japan",-0.0712982180317744
"310","Coccothraustes vespertinus","Birds_Atlas_New_York",0.359050035480771
"311","Coccyzus americanus","Birds_Atlas_New_York",0.0314422238269685
"312","Coccyzus erythropthalmus","Birds_Atlas_New_York",0.0341327046934096
"313","Colaptes auratus","Birds_Atlas_New_York",-0.00780263451567772
"314","Colinus virginianus","Birds_atlas_EBBA",-0.236311147555742
"315","Colinus virginianus","Birds_Atlas_New_York",-0.299123133371511
"316","Columba janthina","Birds_atlas_Japan",-0.0584014791117093
"317","Columba livia","Birds_Atlas_Czechia",0.0124415328667867
"318","Columba livia","Birds_atlas_EBBA",0.30873001636916
"319","Columba livia","Birds_atlas_Japan",0.157304529316521
"320","Columba livia","Birds_Atlas_New_York",-0.00825639818994224
"321","Columba oenas","Birds_Atlas_Czechia",0.323460226030365
"322","Columba oenas","Birds_atlas_EBBA",0.134461643830566
"323","Columba palumbus","Birds_Atlas_Czechia",0.0127639717938152
"324","Columba palumbus","Birds_atlas_EBBA",0.218243999867928
"325","Columba trocaz","Birds_atlas_EBBA",0
"326","Contopus cooperi","Birds_Atlas_New_York",-0.422312529222472
"327","Contopus virens","Birds_Atlas_New_York",-0.0441924625204874
"328","Coracias garrulus","Birds_atlas_EBBA",-0.0290028197074362
"329","Corvus brachyrhynchos","Birds_Atlas_New_York",0.00783397636137902
"330","Corvus corax","Birds_Atlas_Czechia",0.693950502532977
"331","Corvus corax","Birds_atlas_EBBA",0.35720419665927
"332","Corvus corax","Birds_Atlas_New_York",1.79107690546232
"333","Corvus corone","Birds_Atlas_Czechia",-0.025849061252959
"334","Corvus corone","Birds_atlas_EBBA",0.221557559938687
"335","Corvus corone","Birds_atlas_Japan",-0.0295052304269117
"336","Corvus frugilegus","Birds_Atlas_Czechia",-0.179781069703203
"337","Corvus frugilegus","Birds_atlas_EBBA",0.231145931590004
"338","Corvus macrorhynchos","Birds_atlas_Japan",0.0667104044793451
"339","Corvus monedula","Birds_Atlas_Czechia",-0.339345675128617
"340","Corvus monedula","Birds_atlas_EBBA",0.171367404542125
"341","Corvus ossifragus","Birds_Atlas_New_York",0.433751231382132
"342","Coturnix coturnix","Birds_Atlas_Czechia",0.30052277641449
"343","Coturnix coturnix","Birds_atlas_EBBA",0.284587896532181
"344","Crex crex","Birds_Atlas_Czechia",0.658972376229172
"345","Crex crex","Birds_atlas_EBBA",0.367077795235106
"346","Cuculus canorus","Birds_Atlas_Czechia",0.00804663679320043
"347","Cuculus canorus","Birds_atlas_EBBA",0.227488688104173
"348","Cuculus canorus","Birds_atlas_Japan",0.0345522314295311
"349","Cuculus micropterus","Birds_atlas_Japan",2.04845268325912
"350","Cuculus optatus","Birds_atlas_Japan",0.0822051231828126
"351","Cuculus poliocephalus","Birds_atlas_Japan",0.288016687509902
"352","Cuculus saturatus","Birds_atlas_EBBA",0.054067058854954
"353","Cyanecula svecica","Birds_atlas_EBBA",0.570689704937263
"354","Cyanistes caeruleus","Birds_atlas_EBBA",0.148182388575239
"355","Cyanistes cyanus","Birds_atlas_EBBA",1.14934230814244
"356","Cyanistes teneriffae","Birds_atlas_EBBA",0
"357","Cyanocitta cristata","Birds_Atlas_New_York",0.00271318517071753
"358","Cyanopica cooki","Birds_atlas_EBBA",0.10662875053349
"359","Cyanopica cyanus","Birds_atlas_Japan",-0.467318784967396
"360","Cyanoptila cyanomelana","Birds_atlas_Japan",0.0851509326077971
"361","Cygnus columbianus","Birds_atlas_EBBA",0.129622460516462
"362","Cygnus cygnus","Birds_atlas_EBBA",0.791602936005089
"363","Cygnus olor","Birds_Atlas_Czechia",-0.00134979722921927
"364","Cygnus olor","Birds_atlas_EBBA",0.406968007977005
"365","Cygnus olor","Birds_atlas_Japan",1.06421799604489
"366","Cygnus olor","Birds_Atlas_New_York",0.624400289837611
"367","Delichon dasypus","Birds_atlas_Japan",-0.25001674439007
"368","Delichon urbica","Birds_Atlas_Czechia",-5.55529874666716e-05
"369","Delichon urbicum","Birds_atlas_EBBA",0.116965595289008
"370","Dendrocopos kizuki","Birds_atlas_Japan",0.0434183070078129
"371","Dendrocopos leucotos","Birds_Atlas_Czechia",-0.027210602932965
"372","Dendrocopos leucotos","Birds_atlas_EBBA",0.550105064102503
"373","Dendrocopos leucotos","Birds_atlas_Japan",0.491231779878572
"374","Dendrocopos major","Birds_Atlas_Czechia",0.00798830411121101
"375","Dendrocopos major","Birds_atlas_EBBA",0.252740374572726
"376","Dendrocopos major","Birds_atlas_Japan",0.0496320238999531
"377","Dendrocopos medius","Birds_Atlas_Czechia",0.340195060019847
"378","Dendrocopos minor","Birds_Atlas_Czechia",0.0925637098430306
"379","Dendrocopos minor","Birds_atlas_Japan",-0.593208039829772
"380","Dendrocopos syriacus","Birds_Atlas_Czechia",0.834176910942168
"381","Dendrocopos syriacus","Birds_atlas_EBBA",0.410074967580545
"382","Dendroica caerulescens","Birds_Atlas_New_York",0.0964728549398256
"383","Dendroica castanea","Birds_Atlas_New_York",-0.980860245208996
"384","Dendroica cerulea","Birds_Atlas_New_York",-0.133988928050339
"385","Dendroica coronata","Birds_Atlas_New_York",0.299730639264196
"386","Dendroica discolor","Birds_Atlas_New_York",0.179721580145213
"387","Dendroica dominica","Birds_Atlas_New_York",0.510537876769642
"388","Dendroica fusca","Birds_Atlas_New_York",0.17381667972204
"389","Dendroica magnolia","Birds_Atlas_New_York",0.228132040616847
"390","Dendroica palmarum","Birds_Atlas_New_York",3.76113908999108
"391","Dendroica pensylvanica","Birds_Atlas_New_York",0.0929287394260717
"392","Dendroica petechia","Birds_Atlas_New_York",0.000212867889584453
"393","Dendroica pinus","Birds_Atlas_New_York",1.16079631450637
"394","Dendroica striata","Birds_Atlas_New_York",-0.0834170534565792
"395","Dendroica tigrina","Birds_Atlas_New_York",-0.251385371806403
"396","Dendroica virens","Birds_Atlas_New_York",0.250210813374208
"397","Dolichonyx oryzivorus","Birds_Atlas_New_York",-0.0864931316024357
"398","Dryobates minor","Birds_atlas_EBBA",0.253946013611175
"399","Dryocopus martius","Birds_Atlas_Czechia",0.041047855996743
"400","Dryocopus martius","Birds_atlas_EBBA",0.329413090348777
"401","Dryocopus martius","Birds_atlas_Japan",0.570755867725443
"402","Dryocopus pileatus","Birds_Atlas_New_York",0.250919276064397
"403","Dumetella carolinensis","Birds_Atlas_New_York",-0.0372959552903265
"404","Egretta caerulea","Birds_Atlas_New_York",-0.0538927731285541
"405","Egretta garzetta","Birds_Atlas_Czechia",2.39356357425324
"406","Egretta garzetta","Birds_atlas_EBBA",0.911603296928077
"407","Egretta garzetta","Birds_atlas_Japan",-0.878437814033802
"408","Egretta intermedia","Birds_atlas_Japan",-0.239712796653825
"409","Egretta sacra","Birds_atlas_Japan",-0.530447868737635
"410","Egretta thula","Birds_Atlas_New_York",-0.482835153227352
"411","Egretta tricolor","Birds_Atlas_New_York",0.167076440038417
"412","Elanus caeruleus","Birds_atlas_EBBA",0.752765435407727
"413","Emberiza aureola","Birds_atlas_EBBA",0.176425657735737
"414","Emberiza bruniceps","Birds_atlas_EBBA",2.87919330699817
"415","Emberiza caesia","Birds_atlas_EBBA",-0.698201930523739
"416","Emberiza calandra","Birds_atlas_EBBA",0.172205417682657
"417","Emberiza cia","Birds_atlas_EBBA",0.136613976651146
"418","Emberiza cineracea","Birds_atlas_EBBA",0.0869982621821908
"419","Emberiza cioides","Birds_atlas_Japan",-0.016308989655505
"420","Emberiza cirlus","Birds_atlas_EBBA",0.0927149540529856
"421","Emberiza citrinella","Birds_Atlas_Czechia",0
"422","Emberiza citrinella","Birds_atlas_EBBA",0.130339589859525
"423","Emberiza fucata","Birds_atlas_Japan",0.073811803847782
"424","Emberiza hortulana","Birds_Atlas_Czechia",-0.181442858749047
"425","Emberiza hortulana","Birds_atlas_EBBA",-0.0120224862034008
"426","Emberiza melanocephala","Birds_atlas_EBBA",0.497773775040239
"427","Emberiza pallasi","Birds_atlas_EBBA",0.306223085206132
"428","Emberiza pusilla","Birds_atlas_EBBA",1.31994492885968
"429","Emberiza rustica","Birds_atlas_EBBA",-0.331894558296666
"430","Emberiza schoeniclus","Birds_Atlas_Czechia",0.0792364165573967
"431","Emberiza schoeniclus","Birds_atlas_EBBA",0.189914450739424
"432","Emberiza schoeniclus","Birds_atlas_Japan",-0.363441411478016
"433","Emberiza spodocephala","Birds_atlas_Japan",-0.138818701239386
"434","Emberiza sulphurata","Birds_atlas_Japan",0.224456245133146
"435","Emberiza variabilis","Birds_atlas_Japan",0.440347492853955
"436","Emberiza yessoensis","Birds_atlas_Japan",-0.379161844812431
"437","Empidonax alnorum","Birds_Atlas_New_York",0.37333739576577
"438","Empidonax flaviventris","Birds_Atlas_New_York",0.348301811499811
"439","Empidonax minimus","Birds_Atlas_New_York",-0.0408777767429447
"440","Empidonax traillii","Birds_Atlas_New_York",0.303524815082815
"441","Empidonax virescens","Birds_Atlas_New_York",0.388655694942882
"442","Eophona personata","Birds_atlas_Japan",0.149282140892571
"443","Eremophila alpestris","Birds_atlas_EBBA",0.488338018650586
"444","Eremophila alpestris","Birds_Atlas_New_York",-0.458482112994209
"445","Erithacus rubecula","Birds_Atlas_Czechia",0.00634015116393221
"446","Erithacus rubecula","Birds_atlas_EBBA",0.207431908505438
"447","Estrilda astrild","Birds_atlas_EBBA",1.00644769807457
"448","Estrilda melpoda","Birds_atlas_EBBA",0.635519189721842
"449","Eudromias morinellus","Birds_atlas_EBBA",0.00550274248437006
"450","Euphagus carolinus","Birds_Atlas_New_York",-0.255105289037338
"451","Eurystomus orientalis","Birds_atlas_Japan",-0.36037762065788
"452","Falcipennis canadensis","Birds_Atlas_New_York",-0.300082784296557
"453","Falco biarmicus","Birds_atlas_EBBA",-0.318958044196696
"454","Falco cherrug","Birds_Atlas_Czechia",0.200893432376797
"455","Falco cherrug","Birds_atlas_EBBA",0.105424227402869
"456","Falco columbarius","Birds_atlas_EBBA",0.220783381094646
"457","Falco eleonorae","Birds_atlas_EBBA",0.244108845705762
"458","Falco naumanni","Birds_atlas_EBBA",-0.0108792719237831
"459","Falco peregrinus","Birds_Atlas_Czechia",0.623255055506527
"460","Falco peregrinus","Birds_atlas_EBBA",0.676597509433369
"461","Falco peregrinus","Birds_atlas_Japan",0.34570642359133
"462","Falco peregrinus","Birds_Atlas_New_York",1.86716753485768
"463","Falco rusticolus","Birds_atlas_EBBA",0.135888629073955
"464","Falco sparverius","Birds_Atlas_New_York",-0.153230648754947
"465","Falco subbuteo","Birds_Atlas_Czechia",0.238967065975603
"466","Falco subbuteo","Birds_atlas_EBBA",0.337436355026675
"467","Falco subbuteo","Birds_atlas_Japan",-0.3621621590566
"468","Falco tinnunculus","Birds_Atlas_Czechia",0.0145585064682357
"469","Falco tinnunculus","Birds_atlas_EBBA",0.144494704956445
"470","Falco tinnunculus","Birds_atlas_Japan",0.0566724179628907
"471","Falco vespertinus","Birds_atlas_EBBA",0.282543553339203
"472","Ficedula albicollis","Birds_Atlas_Czechia",0.0953859308378372
"473","Ficedula albicollis","Birds_atlas_EBBA",0.400646712346647
"474","Ficedula hypoleuca","Birds_Atlas_Czechia",0.0448822262688532
"475","Ficedula hypoleuca","Birds_atlas_EBBA",0.175255611792448
"476","Ficedula narcissina","Birds_atlas_Japan",0.374220810012793
"477","Ficedula parva","Birds_Atlas_Czechia",0.162676281253862
"478","Ficedula parva","Birds_atlas_EBBA",0.479168148999128
"479","Ficedula semitorquata","Birds_atlas_EBBA",0.62595934998207
"480","Francolinus francolinus","Birds_atlas_EBBA",0.314248865177579
"481","Fratercula arctica","Birds_atlas_EBBA",-0.0429907937312903
"482","Fringilla coelebs","Birds_Atlas_Czechia",0.00156399325812381
"483","Fringilla coelebs","Birds_atlas_EBBA",0.200384581980042
"484","Fringilla montifringilla","Birds_atlas_EBBA",0.422036172111639
"485","Fulica americana","Birds_Atlas_New_York",0.0925431595510979
"486","Fulica atra","Birds_Atlas_Czechia",-0.00163500132359836
"487","Fulica atra","Birds_atlas_EBBA",0.179783404862259
"488","Fulica atra","Birds_atlas_Japan",0.52302733464043
"489","Fulica cristata","Birds_atlas_EBBA",1.19505553524965
"490","Fulmarus glacialis","Birds_atlas_EBBA",-0.0340842181792554
"491","Galerida cristata","Birds_Atlas_Czechia",-0.840244429956622
"492","Galerida cristata","Birds_atlas_EBBA",-0.0366656596116561
"493","Galerida theklae","Birds_atlas_EBBA",0.258860980568292
"494","Gallinago delicata","Birds_Atlas_New_York",0.0205298304440574
"495","Gallinago gallinago","Birds_Atlas_Czechia",-0.246289648315094
"496","Gallinago gallinago","Birds_atlas_EBBA",0.174465079276052
"497","Gallinago hardwickii","Birds_atlas_Japan",-0.136480310026954
"498","Gallinago media","Birds_atlas_EBBA",0.47250060429953
"499","Gallinago stenura","Birds_atlas_EBBA",-0.446172574614742
"500","Gallinula chloropus","Birds_Atlas_Czechia",0.0146892213984427
"501","Gallinula chloropus","Birds_atlas_EBBA",0.134250877844434
"502","Gallinula chloropus","Birds_atlas_Japan",-0.671092418027855
"503","Gallinula chloropus","Birds_Atlas_New_York",-0.40538369326559
"504","Gallirallus okinawae","Birds_atlas_Japan",0.404987303042233
"505","Garrulax canorus","Birds_atlas_Japan",2.54394819544894
"506","Garrulus glandarius","Birds_Atlas_Czechia",0.0161100838951752
"507","Garrulus glandarius","Birds_atlas_EBBA",0.159441119078847
"508","Garrulus glandarius","Birds_atlas_Japan",-0.138066833426688
"509","Garrulus lidthi","Birds_atlas_Japan",0
"510","Gavia arctica","Birds_atlas_EBBA",0.304865674766506
"511","Gavia immer","Birds_atlas_EBBA",0.0284737646649557
"512","Gavia immer","Birds_Atlas_New_York",0.348759923166017
"513","Gavia stellata","Birds_atlas_EBBA",0.27347587531129
"514","Gelochelidon nilotica","Birds_atlas_EBBA",0.878142821916946
"515","Gelochelidon nilotica","Birds_Atlas_New_York",0.510853416747302
"516","Geothlypis trichas","Birds_Atlas_New_York",-0.00290714284055411
"517","Glareola maldivarum","Birds_atlas_Japan",0
"518","Glareola nordmanni","Birds_atlas_EBBA",-0.214595875880156
"519","Glareola pratincola","Birds_atlas_EBBA",0.188006982612585
"520","Glaucidium passerinum","Birds_Atlas_Czechia",0.656393855113067
"521","Glaucidium passerinum","Birds_atlas_EBBA",0.529441272066796
"522","Gorsachius goisagi","Birds_atlas_Japan",0.55383810391536
"523","Grus grus","Birds_Atlas_Czechia",1.74649132862373
"524","Grus grus","Birds_atlas_EBBA",0.539869894986853
"525","Grus japonensis","Birds_atlas_Japan",0.745980690361173
"526","Gulosus aristotelis","Birds_atlas_EBBA",0.233388200549909
"527","Gypaetus barbatus","Birds_atlas_EBBA",0.608636257724635
"528","Gyps fulvus","Birds_atlas_EBBA",0.301589200842546
"529","Haematopus ostralegus","Birds_atlas_EBBA",0.321905164169735
"530","Haematopus palliatus","Birds_Atlas_New_York",0.413037434411492
"531","Halcyon coromanda","Birds_atlas_Japan",0.567701569085675
"532","Haliaeetus albicilla","Birds_Atlas_Czechia",1.58470090276221
"533","Haliaeetus albicilla","Birds_atlas_EBBA",1.21884414663863
"534","Haliaeetus albicilla","Birds_atlas_Japan",0.691483737122425
"535","Haliaeetus leucocephalus","Birds_Atlas_New_York",2.54272720525203
"536","Helmitheros vermivorum","Birds_Atlas_New_York",-0.00894508834611703
"537","Hieraaetus pennatus","Birds_atlas_EBBA",0.412403675171264
"538","Hierococcyx hyperythrus","Birds_atlas_Japan",-0.0421649270770957
"539","Himantopus himantopus","Birds_Atlas_Czechia",0.230396369818082
"540","Himantopus himantopus","Birds_atlas_EBBA",0.752270872971829
"541","Himantopus himantopus","Birds_atlas_Japan",0.962823770853767
"542","Hippolais icterina","Birds_Atlas_Czechia",0.00719554215629404
"543","Hippolais icterina","Birds_atlas_EBBA",0.157040160308892
"544","Hippolais olivetorum","Birds_atlas_EBBA",0.140358677565966
"545","Hippolais polyglotta","Birds_atlas_EBBA",0.0997256384359362
"546","Hirundapus caudacutus","Birds_atlas_Japan",-0.587848254644394
"547","Hirundo daurica","Birds_atlas_Japan",-0.381341814737973
"548","Hirundo rustica","Birds_Atlas_Czechia",-0.00156069419369335
"549","Hirundo rustica","Birds_atlas_EBBA",0.186989138971335
"550","Hirundo rustica","Birds_atlas_Japan",-0.094828302266528
"551","Hirundo rustica","Birds_Atlas_New_York",-0.0608291019532192
"552","Hirundo tahitica","Birds_atlas_Japan",0.0840809052235257
"553","Histrionicus histrionicus","Birds_atlas_EBBA",-0.0608808031688908
"554","Histrionicus histrionicus","Birds_atlas_Japan",-0.000852061036327562
"555","Hydrobates castro","Birds_atlas_EBBA",0.154132082538043
"556","Hydrobates leucorhous","Birds_atlas_EBBA",-0.081966643875543
"557","Hydrobates pelagicus","Birds_atlas_EBBA",-0.0179530828174041
"558","Hydrocoloeus minutus","Birds_atlas_EBBA",0.492943436285165
"559","Hydropogne caspia","Birds_Atlas_New_York",0.51016152781822
"560","Hydroprogne caspia","Birds_atlas_EBBA",0.295869677040726
"561","Hylocichla mustelina","Birds_Atlas_New_York",-0.0742999778713583
"562","Hypsipetes amaurotis","Birds_atlas_Japan",0.0139959008075015
"563","Icteria virens","Birds_Atlas_New_York",-1.50835361581694
"564","Icterus galbula","Birds_Atlas_New_York",-0.0356618514291636
"565","Icterus spurius","Birds_Atlas_New_York",0.556415285565379
"566","Iduna caligata","Birds_atlas_EBBA",3.21972979446951
"567","Iduna opaca","Birds_atlas_EBBA",0.0116841309383279
"568","Iduna pallida","Birds_atlas_EBBA",0.293323768983049
"569","Ixobrychus cinnamomeus","Birds_atlas_Japan",0.691843749921012
"570","Ixobrychus exilis","Birds_Atlas_New_York",-0.0961107365160545
"571","Ixobrychus minutus","Birds_Atlas_Czechia",0.0787273499989376
"572","Ixobrychus minutus","Birds_atlas_EBBA",0.320709940612249
"573","Ixobrychus sinensis","Birds_atlas_Japan",-0.711242166410861
"574","Junco hyemalis","Birds_Atlas_New_York",0.20743573004938
"575","Jynx torquilla","Birds_Atlas_Czechia",0.0548543552134068
"576","Jynx torquilla","Birds_atlas_EBBA",0.195105091263421
"577","Jynx torquilla","Birds_atlas_Japan",0.306348457796094
"578","Lagopus lagopus","Birds_atlas_EBBA",0.307289675047822
"579","Lagopus muta","Birds_atlas_EBBA",0.115398713600979
"580","Lagopus muta","Birds_atlas_Japan",0.405117539456618
"581","Lanius bucephalus","Birds_atlas_Japan",-0.0416729549469101
"582","Lanius collurio","Birds_Atlas_Czechia",0.00646464003404813
"583","Lanius collurio","Birds_atlas_EBBA",0.190157366389411
"584","Lanius cristatus","Birds_atlas_Japan",-1.45342769865031
"585","Lanius excubitor","Birds_Atlas_Czechia",0.0271930914549603
"586","Lanius excubitor","Birds_atlas_EBBA",0.0686972957014898
"587","Lanius ludovicianus","Birds_Atlas_New_York",-1.79220673665308
"588","Lanius meridionalis","Birds_atlas_EBBA",-0.095848007259473
"589","Lanius minor","Birds_atlas_EBBA",0.232230529201285
"590","Lanius nubicus","Birds_atlas_EBBA",0.0816276756334723
"591","Lanius senator","Birds_atlas_EBBA",-0.015488954839148
"592","Lanius tigrinus","Birds_atlas_Japan",-0.708394779709141
"593","Larus argentatus","Birds_atlas_EBBA",0.230033395930999
"594","Larus argentatus","Birds_Atlas_New_York",-0.139335266399765
"595","Larus armenicus","Birds_atlas_EBBA",2.99552809223252
"596","Larus audouinii","Birds_atlas_EBBA",0.68576603611729
"597","Larus cachinnans","Birds_Atlas_Czechia",-0.217215422699192
"598","Larus cachinnans","Birds_atlas_EBBA",1.61309568515584
"599","Larus canus","Birds_Atlas_Czechia",0.584350770793919
"600","Larus canus","Birds_atlas_EBBA",0.381276215416201
"601","Larus crassirostris","Birds_atlas_Japan",-0.148010351601791
"602","Larus delawarensis","Birds_Atlas_New_York",-0.20401004440412
"603","Larus fuscus","Birds_atlas_EBBA",0.410219583019828
"604","Larus genei","Birds_atlas_EBBA",1.2305950107418
"605","Larus hyperboreus","Birds_atlas_EBBA",0.539228383144668
"606","Larus ichthyaetus","Birds_atlas_EBBA",0.993028925023169
"607","Larus marinus","Birds_atlas_EBBA",0.207490451320684
"608","Larus marinus","Birds_Atlas_New_York",-0.0578425588543858
"609","Larus melanocephalus","Birds_Atlas_Czechia",1.24918059972042
"610","Larus melanocephalus","Birds_atlas_EBBA",1.18435195626068
"611","Larus michahellis","Birds_atlas_EBBA",0.695520792711175
"612","Larus ridibundus","Birds_Atlas_Czechia",-0.144063281351746
"613","Larus ridibundus","Birds_atlas_EBBA",0.194197901635867
"614","Larus schistisagus","Birds_atlas_Japan",0.0453305964295238
"615","Laterallus jamaicensis","Birds_Atlas_New_York",0
"616","Leiopicus medius","Birds_atlas_EBBA",0.376549859015406
"617","Leiothrix lutea","Birds_atlas_Japan",1.34993750782114
"618","Leucophaeus atricilla","Birds_Atlas_New_York",-1.67389578910284
"619","Limosa lapponica","Birds_atlas_EBBA",0.329171756027944
"620","Limosa limosa","Birds_Atlas_Czechia",-0.608251311710953
"621","Limosa limosa","Birds_atlas_EBBA",0.0208154683386171
"622","Linaria cannabina","Birds_atlas_EBBA",0.113733377852596
"623","Linaria flavirostris","Birds_atlas_EBBA",0.165707727073626
"624","Locustella fasciolata","Birds_atlas_Japan",0.0920245490520789
"625","Locustella fluviatilis","Birds_Atlas_Czechia",0.157511375099023
"626","Locustella fluviatilis","Birds_atlas_EBBA",0.457252207871482
"627","Locustella lanceolata","Birds_atlas_EBBA",1.10037036126453
"628","Locustella lanceolata","Birds_atlas_Japan",0.000708570394121527
"629","Locustella luscinioides","Birds_Atlas_Czechia",0.525452535295154
"630","Locustella luscinioides","Birds_atlas_EBBA",0.377077791944427
"631","Locustella naevia","Birds_Atlas_Czechia",0.102490392021476
"632","Locustella naevia","Birds_atlas_EBBA",0.204852945712098
"633","Locustella ochotensis","Birds_atlas_Japan",0.0640781756066718
"634","Locustella pleskei","Birds_atlas_Japan",-1.10243852831688
"635","Locustella pryeri","Birds_atlas_Japan",0.232617608769154
"636","Lonchura punctulata","Birds_atlas_Japan",0.812414201866361
"637","Lophodytes cucullatus","Birds_Atlas_New_York",0.745043556391149
"638","Lophophanes cristatus","Birds_atlas_EBBA",0.140980004521188
"639","Loxia curvirostra","Birds_Atlas_Czechia",0.121404619154238
"640","Loxia curvirostra","Birds_atlas_EBBA",0.354397559022886
"641","Loxia curvirostra","Birds_atlas_Japan",-0.646125303699957
"642","Loxia curvirostra","Birds_Atlas_New_York",-1.02455466937929
"643","Loxia leucoptera","Birds_atlas_EBBA",0.378361561690592
"644","Loxia leucoptera","Birds_Atlas_New_York",0.129926614424005
"645","Loxia pytyopsittacus","Birds_atlas_EBBA",0.102987472357202
"646","Loxia scotica","Birds_atlas_EBBA",-1.09038860565651
"647","Lullula arborea","Birds_Atlas_Czechia",0.174052782547645
"648","Lullula arborea","Birds_atlas_EBBA",0.218116085971155
"649","Luscinia akahige","Birds_atlas_Japan",-0.287642675075382
"650","Luscinia calliope","Birds_atlas_Japan",-0.238426637834394
"651","Luscinia cyane","Birds_atlas_Japan",-0.122295042604801
"652","Luscinia komadori","Birds_atlas_Japan",-0.0762000179334124
"653","Luscinia luscinia","Birds_Atlas_Czechia",0.536364955438208
"654","Luscinia luscinia","Birds_atlas_EBBA",0.250106648787756
"655","Luscinia megarhynchos","Birds_Atlas_Czechia",0.218358501150247
"656","Luscinia megarhynchos","Birds_atlas_EBBA",0.113342906433007
"657","Luscinia svecica","Birds_Atlas_Czechia",1.03534395432088
"658","Lymnocryptes minimus","Birds_atlas_EBBA",0.227143905889684
"659","Lyrurus mlokosiewiczi","Birds_atlas_EBBA",-0.0700545917200227
"660","Lyrurus tetrix","Birds_atlas_EBBA",0.240518874625549
"661","Mareca penelope","Birds_atlas_EBBA",0.235151919120068
"662","Mareca strepera","Birds_atlas_EBBA",0.746556002905626
"663","Marmaronetta angustirostris","Birds_atlas_EBBA",0.630963024663827
"664","Megaceryle alcyon","Birds_Atlas_New_York",-0.061079904272426
"665","Megaceryle lugubris","Birds_atlas_Japan",-0.474835576978958
"666","Megascops asio","Birds_Atlas_New_York",0.0105133580621631
"667","Melanerpes carolinus","Birds_Atlas_New_York",0.80206280296768
"668","Melanerpes erythrocephalus","Birds_Atlas_New_York",-1.42026628463824
"669","Melanitta fusca","Birds_atlas_EBBA",-0.0538331784188825
"670","Melanitta nigra","Birds_atlas_EBBA",-0.112405828212883
"671","Melanocorypha calandra","Birds_atlas_EBBA",0.105878543547822
"672","Meleagris gallopavo","Birds_atlas_EBBA",0.946806105223608
"673","Meleagris gallopavo","Birds_Atlas_New_York",0.845052327341807
"674","Melospiza georgiana","Birds_Atlas_New_York",0.0557484079011487
"675","Melospiza lincolnii","Birds_Atlas_New_York",-0.147563543284734
"676","Melospiza melodia","Birds_Atlas_New_York",-0.00695881232575615
"677","Mergellus albellus","Birds_atlas_EBBA",0.856816629484854
"678","Mergus merganser","Birds_Atlas_Czechia",1.04586033612698
"679","Mergus merganser","Birds_atlas_EBBA",0.502210329652466
"680","Mergus merganser","Birds_atlas_Japan",0.0559905024259612
"681","Mergus merganser","Birds_Atlas_New_York",0.849299404086423
"682","Mergus serrator","Birds_atlas_EBBA",0.148117279740543
"683","Mergus serrator","Birds_Atlas_New_York",0.251670036304158
"684","Merops apiaster","Birds_Atlas_Czechia",0.620492038678533
"685","Merops apiaster","Birds_atlas_EBBA",0.557627715531463
"686","Merops persicus","Birds_atlas_EBBA",2.60090393157045
"687","Microcarbo pygmaeus","Birds_atlas_EBBA",1.09403335025372
"688","Miliaria calandra","Birds_Atlas_Czechia",0.718643917426217
"689","Milvus migrans","Birds_Atlas_Czechia",0.320147936822654
"690","Milvus migrans","Birds_atlas_EBBA",0.328689052197448
"691","Milvus migrans","Birds_atlas_Japan",-0.190813802533029
"692","Milvus milvus","Birds_Atlas_Czechia",0.534932616697684
"693","Milvus milvus","Birds_atlas_EBBA",0.232197215532095
"694","Mimus polyglottos","Birds_Atlas_New_York",0.0927394709511916
"695","Mniotilta varia","Birds_Atlas_New_York",-0.00867841353137644
"696","Molothrus ater","Birds_Atlas_New_York",-0.0720616017219939
"697","Monticola saxatilis","Birds_atlas_EBBA",-0.0924475466955937
"698","Monticola solitarius","Birds_atlas_EBBA",0.199350993116378
"699","Monticola solitarius","Birds_atlas_Japan",0.289955541135514
"700","Montifringilla nivalis","Birds_atlas_EBBA",0.345482938654889
"701","Morus bassanus","Birds_atlas_EBBA",0.161578753556362
"702","Motacilla alba","Birds_Atlas_Czechia",0.00314032283829591
"703","Motacilla alba","Birds_atlas_EBBA",0.241299027844001
"704","Motacilla alba","Birds_atlas_Japan",0.180480574802556
"705","Motacilla cinerea","Birds_Atlas_Czechia",0.0540372669547086
"706","Motacilla cinerea","Birds_atlas_EBBA",0.272752954843277
"707","Motacilla cinerea","Birds_atlas_Japan",-0.0902584863924175
"708","Motacilla citreola","Birds_atlas_EBBA",1.42029918074875
"709","Motacilla flava","Birds_Atlas_Czechia",0.076676244961959
"710","Motacilla flava","Birds_atlas_EBBA",0.189501839472504
"711","Motacilla flava","Birds_atlas_Japan",0.0899546956964488
"712","Motacilla grandis","Birds_atlas_Japan",-0.282197793877629
"713","Muscicapa dauurica","Birds_atlas_Japan",0.452486996556766
"714","Muscicapa sibirica","Birds_atlas_Japan",-0.869879230013334
"715","Muscicapa striata","Birds_Atlas_Czechia",0.0476989447534392
"716","Muscicapa striata","Birds_atlas_EBBA",0.190820588754014
"717","Myiarchus crinitus","Birds_Atlas_New_York",-0.0335641537809643
"718","Myiopsitta monachus","Birds_atlas_EBBA",2.16435989731193
"719","Myiopsitta monachus","Birds_Atlas_New_York",1.60955877411169
"720","Neophron percnopterus","Birds_atlas_EBBA",-0.0379628919423743
"721","Netta rufina","Birds_Atlas_Czechia",0.77999825292782
"722","Netta rufina","Birds_atlas_EBBA",0.937264793258786
"723","Ninox scutulata","Birds_atlas_Japan",0.215743615377865
"724","Nisaetus nipalensis","Birds_atlas_Japan",0.00279988369849197
"725","Nucifraga caryocatactes","Birds_Atlas_Czechia",0.0692672475792105
"726","Nucifraga caryocatactes","Birds_atlas_EBBA",0.207646284475621
"727","Nucifraga caryocatactes","Birds_atlas_Japan",-0.149760498445889
"728","Numenius arquata","Birds_Atlas_Czechia",-0.274920038879829
"729","Numenius arquata","Birds_atlas_EBBA",0.213694146676466
"730","Numenius phaeopus","Birds_atlas_EBBA",0.385092321695393
"731","Nyctanassa violacea","Birds_Atlas_New_York",-0.321601153281194
"732","Nycticorax nycticorax","Birds_Atlas_Czechia",0.772443060712719
"733","Nycticorax nycticorax","Birds_atlas_EBBA",0.514600841337059
"734","Nycticorax nycticorax","Birds_atlas_Japan",-0.833233475065232
"735","Nycticorax nycticorax","Birds_Atlas_New_York",0.00942525933903184
"736","Oenanthe deserti","Birds_atlas_EBBA",9.72500721361769e-07
"737","Oenanthe finschii","Birds_atlas_EBBA",2.34551577843224
"738","Oenanthe hispanica","Birds_atlas_EBBA",-0.0381879132615947
"739","Oenanthe isabellina","Birds_atlas_EBBA",1.07441466197229
"740","Oenanthe leucura","Birds_atlas_EBBA",-0.212120429943707
"741","Oenanthe oenanthe","Birds_Atlas_Czechia",-0.438647003813823
"742","Oenanthe oenanthe","Birds_atlas_EBBA",0.189413002287487
"743","Oenanthe pleschanka","Birds_atlas_EBBA",0.586023027853612
"744","Onychoprion fuscatus","Birds_atlas_EBBA",-0.510690230954956
"745","Oporornis formosus","Birds_Atlas_New_York",-1.26560857113119
"746","Oporornis philadelphia","Birds_Atlas_New_York",0.0427260203741351
"747","Oriolus oriolus","Birds_Atlas_Czechia",0.0604102849077379
"748","Oriolus oriolus","Birds_atlas_EBBA",0.169060113575768
"749","Otis tarda","Birds_atlas_EBBA",-0.367858455093343
"750","Otus elegans","Birds_atlas_Japan",-0.222626184534485
"751","Otus lempiji","Birds_atlas_Japan",-0.117134311000027
"752","Otus scops","Birds_Atlas_Czechia",0.689196126279886
"753","Otus scops","Birds_atlas_EBBA",0.344245484015894
"754","Otus sunia","Birds_atlas_Japan",-2.08384289605447
"755","Oxyura jamaicensis","Birds_atlas_EBBA",-0.643291623234111
"756","Oxyura jamaicensis","Birds_Atlas_New_York",0.943968461689883
"757","Oxyura leucocephala","Birds_atlas_EBBA",0.445882226243253
"758","Pagophila eburnea","Birds_atlas_EBBA",-0.0609892721438575
"759","Pandion haliaetus","Birds_atlas_EBBA",0.228663318695746
"760","Pandion haliaetus","Birds_atlas_Japan",0.351964823275194
"761","Pandion haliaetus","Birds_Atlas_New_York",0.90123138555742
"762","Panurus biarmicus","Birds_Atlas_Czechia",0.197554399254567
"763","Panurus biarmicus","Birds_atlas_EBBA",0.740963427346994
"764","Parula americana","Birds_Atlas_New_York",0.407347427543474
"765","Parus ater","Birds_Atlas_Czechia",0.0187993561894196
"766","Parus caeruleus","Birds_Atlas_Czechia",0.00475320780099926
"767","Parus cristatus","Birds_Atlas_Czechia",-0.00361387284320549
"768","Parus major","Birds_Atlas_Czechia",0.00157057255039276
"769","Parus major","Birds_atlas_EBBA",0.18441614689023
"770","Parus minor","Birds_atlas_Japan",0.0511035025644455
"771","Parus montanus","Birds_Atlas_Czechia",0.145883171410748
"772","Parus palustris","Birds_Atlas_Czechia",0.0428199354805451
"773","Passer domesticus","Birds_Atlas_Czechia",-0.00331075295707338
"774","Passer domesticus","Birds_atlas_EBBA",0.152950436816689
"775","Passer domesticus","Birds_Atlas_New_York",-0.0645204013441577
"776","Passer hispaniolensis","Birds_atlas_EBBA",0.548482844929851
"777","Passer italiae","Birds_atlas_EBBA",0.0510986680642725
"778","Passer montanus","Birds_Atlas_Czechia",-0.0218122769246639
"779","Passer montanus","Birds_atlas_EBBA",0.233240605874888
"780","Passer montanus","Birds_atlas_Japan",-0.109002880330767
"781","Passer rutilans","Birds_atlas_Japan",-0.0785867637049623
"782","Passerculus sandwichensis","Birds_Atlas_New_York",0.0207783070951257
"783","Passerina caerulea","Birds_Atlas_New_York",0.810336659885971
"784","Passerina cyanea","Birds_Atlas_New_York",-0.00942454822756022
"785","Pastor roseus","Birds_atlas_EBBA",1.20968468767136
"786","Pelagodroma marina","Birds_atlas_EBBA",0
"787","Pelecanus crispus","Birds_atlas_EBBA",1.37672304948668
"788","Pelecanus onocrotalus","Birds_atlas_EBBA",0.933100410974226
"789","Perdix perdix","Birds_Atlas_Czechia",-0.0741163534295406
"790","Perdix perdix","Birds_atlas_EBBA",0.0281781373501641
"791","Perdix perdix","Birds_Atlas_New_York",-1.63768121718035
"792","Pericrocotus divaricatus","Birds_atlas_Japan",0.848430434294803
"793","Periparus ater","Birds_atlas_EBBA",0.177801865066731
"794","Periparus ater","Birds_atlas_Japan",0.1401050675407
"795","Perisoreus canadensis","Birds_Atlas_New_York",0.155647736500982
"796","Perisoreus infaustus","Birds_atlas_EBBA",0.380993606061746
"797","Pernis apivorus","Birds_Atlas_Czechia",0.157033427870405
"798","Pernis apivorus","Birds_atlas_EBBA",0.274194219057251
"799","Pernis ptilorhynchus","Birds_atlas_Japan",-0.416872878134731
"800","Petrochelidon pyrrhonota","Birds_Atlas_New_York",-0.125255090096855
"801","Petronia petronia","Birds_atlas_EBBA",0.0981722368968361
"802","Phalacrocorax auritus","Birds_Atlas_New_York",2.08518561504621
"803","Phalacrocorax capillatus","Birds_atlas_Japan",-0.152557706356611
"804","Phalacrocorax carbo","Birds_Atlas_Czechia",1.07383217144537
"805","Phalacrocorax carbo","Birds_atlas_EBBA",1.09942388301412
"806","Phalacrocorax carbo","Birds_atlas_Japan",1.13188191459515
"807","Phalacrocorax pelagicus","Birds_atlas_Japan",-0.199075431503368
"808","Phalaropus fulicarius","Birds_atlas_EBBA",-0.109573145420122
"809","Phalaropus lobatus","Birds_atlas_EBBA",-0.0156111009475117
"810","Phasianus colchicus","Birds_Atlas_Czechia",-0.0422836586582775
"811","Phasianus colchicus","Birds_atlas_EBBA",0.139177362346126
"812","Phasianus colchicus","Birds_atlas_Japan",-0.0274267330177726
"813","Phasianus colchicus","Birds_Atlas_New_York",-0.464371103157423
"814","Pheucticus ludovicianus","Birds_Atlas_New_York",-0.0646110428040966
"815","Phoenicopterus roseus","Birds_atlas_EBBA",1.10466504734706
"816","Phoenicurus auroreus","Birds_atlas_Japan",1.56042176872784
"817","Phoenicurus ochruros","Birds_Atlas_Czechia",-0.001628906734238
"818","Phoenicurus ochruros","Birds_atlas_EBBA",0.21882619463252
"819","Phoenicurus phoenicurus","Birds_Atlas_Czechia",0.056874968002376
"820","Phoenicurus phoenicurus","Birds_atlas_EBBA",0.271787219001734
"821","Phylloscopus bonelli","Birds_atlas_EBBA",0.0393655074472438
"822","Phylloscopus borealis","Birds_atlas_EBBA",0.605739656599735
"823","Phylloscopus borealoides","Birds_atlas_Japan",0.260525570449121
"824","Phylloscopus collybita","Birds_Atlas_Czechia",0.00172503158157466
"825","Phylloscopus collybita","Birds_atlas_EBBA",0.234702860697539
"826","Phylloscopus coronatus","Birds_atlas_Japan",0.163902069264958
"827","Phylloscopus ibericus","Birds_atlas_EBBA",0.239104243167862
"828","Phylloscopus ijimae","Birds_atlas_Japan",-0.280808250006253
"829","Phylloscopus inornatus","Birds_atlas_EBBA",-0.365389237760261
"830","Phylloscopus nitidus","Birds_atlas_EBBA",2.29886125493425
"831","Phylloscopus orientalis","Birds_atlas_EBBA",-0.0305136720637244
"832","Phylloscopus sibilatrix","Birds_Atlas_Czechia",0.0403365428554466
"833","Phylloscopus sibilatrix","Birds_atlas_EBBA",0.140275300523623
"834","Phylloscopus sindianus","Birds_atlas_EBBA",2.61123907136486
"835","Phylloscopus trochiloides","Birds_Atlas_Czechia",-0.144627373822034
"836","Phylloscopus trochiloides","Birds_atlas_EBBA",1.04086405904508
"837","Phylloscopus trochilus","Birds_Atlas_Czechia",0.00342508675001489
"838","Phylloscopus trochilus","Birds_atlas_EBBA",0.256178317795314
"839","Phylloscopus xanthodryas","Birds_atlas_Japan",-0.752116349543433
"840","Pica pica","Birds_Atlas_Czechia",0.02480547134715
"841","Pica pica","Birds_atlas_EBBA",0.199472278442918
"842","Pica pica","Birds_atlas_Japan",-0.377032617822763
"843","Picoides arcticus","Birds_Atlas_New_York",0.107976686897537
"844","Picoides dorsalis","Birds_Atlas_New_York",-0.382980259484208
"845","Picoides pubescens","Birds_Atlas_New_York",0.024458337652407
"846","Picoides tridactylus","Birds_Atlas_Czechia",-0.143018131507445
"847","Picoides tridactylus","Birds_atlas_EBBA",0.408713701588123
"848","Picoides villosus","Birds_Atlas_New_York",0.0814810534495965
"849","Picus awokera","Birds_atlas_Japan",0.229093817250615
"850","Picus canus","Birds_Atlas_Czechia",0.0113612625882379
"851","Picus canus","Birds_atlas_EBBA",0.32462680111018
"852","Picus canus","Birds_atlas_Japan",0.707614930215439
"853","Picus sharpei","Birds_atlas_EBBA",0.0748930496820182
"854","Picus viridis","Birds_Atlas_Czechia",0.0417579428063639
"855","Picus viridis","Birds_atlas_EBBA",0.0666321035127112
"856","Pinicola enucleator","Birds_atlas_EBBA",0.0399405883805179
"857","Pinicola enucleator","Birds_atlas_Japan",-0.410140838897177
"858","Pipilo erythrophthalmus","Birds_Atlas_New_York",-0.126366249656577
"859","Piranga olivacea","Birds_Atlas_New_York",0.00762733872516289
"860","Piranga rubra","Birds_Atlas_New_York",-0.000600724089530007
"861","Pitta nympha","Birds_atlas_Japan",1.20624513775335
"862","Platalea leucorodia","Birds_Atlas_Czechia",1.38748545116621
"863","Platalea leucorodia","Birds_atlas_EBBA",1.03739411102297
"864","Plectrophenax nivalis","Birds_atlas_EBBA",-0.00980157834730819
"865","Plegadis falcinellus","Birds_atlas_EBBA",0.99941004422506
"866","Plegadis falcinellus","Birds_Atlas_New_York",-0.21250602427209
"867","Pluvialis apricaria","Birds_atlas_EBBA",0.18002370307372
"868","Pluvialis squatarola","Birds_atlas_EBBA",0.103255039384112
"869","Podiceps auritus","Birds_atlas_EBBA",0.12005839884428
"870","Podiceps cristatus","Birds_Atlas_Czechia",-0.0455748529070585
"871","Podiceps cristatus","Birds_atlas_EBBA",0.299173511607325
"872","Podiceps cristatus","Birds_atlas_Japan",0.869947212712112
"873","Podiceps grisegena","Birds_Atlas_Czechia",-0.155145090414746
"874","Podiceps grisegena","Birds_atlas_EBBA",0.209755630907532
"875","Podiceps nigricollis","Birds_Atlas_Czechia",-0.432725895200532
"876","Podiceps nigricollis","Birds_atlas_EBBA",0.171433817523081
"877","Podilymbus podiceps","Birds_Atlas_New_York",0.379572381626424
"878","Poecile atricapillus","Birds_Atlas_New_York",0.00928191608884618
"879","Poecile cinctus","Birds_atlas_EBBA",0.274265266593349
"880","Poecile hudsonicus","Birds_Atlas_New_York",0.115061349336524
"881","Poecile lugubris","Birds_atlas_EBBA",0.27877266650712
"882","Poecile montanus","Birds_atlas_EBBA",0.227084247230633
"883","Poecile montanus","Birds_atlas_Japan",0.122967685035444
"884","Poecile palustris","Birds_atlas_EBBA",0.0441499580801426
"885","Poecile palustris","Birds_atlas_Japan",-0.27439141622027
"886","Poecile varius","Birds_atlas_Japan",0.124229359853404
"887","Polioptila caerulea","Birds_Atlas_New_York",0.17062353971378
"888","Polysticta stelleri","Birds_atlas_EBBA",-0.499458669726766
"889","Pooecetes gramineus","Birds_Atlas_New_York",-0.682537266557373
"890","Porphyrio porphyrio","Birds_atlas_EBBA",1.1384291526882
"891","Porzana carolina","Birds_Atlas_New_York",0.142882767437876
"892","Porzana fusca","Birds_atlas_Japan",0.312043287233752
"893","Porzana parva","Birds_Atlas_Czechia",1.45277590182235
"894","Porzana porzana","Birds_Atlas_Czechia",0.174822489464413
"895","Porzana porzana","Birds_atlas_EBBA",0.157075412309003
"896","Progne subis","Birds_Atlas_New_York",-0.503644308435397
"897","Protonotaria citrea","Birds_Atlas_New_York",-0.693307468125355
"898","Prunella atrogularis","Birds_atlas_EBBA",0.0428791335182622
"899","Prunella collaris","Birds_Atlas_Czechia",0.181138472699955
"900","Prunella collaris","Birds_atlas_EBBA",-0.00278037337753273
"901","Prunella collaris","Birds_atlas_Japan",0.0062289937056507
"902","Prunella modularis","Birds_Atlas_Czechia",0.0147065195092253
"903","Prunella modularis","Birds_atlas_EBBA",0.110480377377572
"904","Prunella montanella","Birds_atlas_EBBA",-0.106496887122676
"905","Prunella rubida","Birds_atlas_Japan",-0.438544797868848
"906","Psittacula krameri","Birds_atlas_EBBA",1.53755059475824
"907","Pterocles alchata","Birds_atlas_EBBA",-0.216646233030665
"908","Pterocles orientalis","Birds_atlas_EBBA",0.113702077526734
"909","Pterodroma deserta","Birds_atlas_EBBA",-0.693285597797835
"910","Pterodroma madeira","Birds_atlas_EBBA",0
"911","Ptyonoprogne rupestris","Birds_atlas_EBBA",0.269830048507652
"912","Puffinus lherminieri","Birds_atlas_EBBA",0.435426422608137
"913","Puffinus mauretanicus","Birds_atlas_EBBA",0.287699209633902
"914","Puffinus puffinus","Birds_atlas_EBBA",-0.35958200963927
"915","Puffinus yelkouan","Birds_atlas_EBBA",-0.492555502712041
"916","Pycnonotus sinensis","Birds_atlas_Japan",0.167595344776801
"917","Pyrrhocorax graculus","Birds_atlas_EBBA",0.166107410494619
"918","Pyrrhocorax pyrrhocorax","Birds_atlas_EBBA",0.217410008233076
"919","Pyrrhula murina","Birds_atlas_EBBA",0
"920","Pyrrhula pyrrhula","Birds_Atlas_Czechia",-0.00375974652128274
"921","Pyrrhula pyrrhula","Birds_atlas_EBBA",0.236815836701264
"922","Pyrrhula pyrrhula","Birds_atlas_Japan",-0.136381136475727
"923","Quiscalus major","Birds_Atlas_New_York",2.2510721920512
"924","Quiscalus quiscula","Birds_Atlas_New_York",-0.0197203587466961
"925","Rallina eurizonoides","Birds_atlas_Japan",0
"926","Rallus aquaticus","Birds_Atlas_Czechia",0.342560488387664
"927","Rallus aquaticus","Birds_atlas_EBBA",0.163117616920986
"928","Rallus aquaticus","Birds_atlas_Japan",0.0548142112460993
"929","Rallus elegans","Birds_Atlas_New_York",0.000102314433218367
"930","Rallus limicola","Birds_Atlas_New_York",0.188543332895623
"931","Rallus longirostris","Birds_Atlas_New_York",-0.0350657663099021
"932","Recurvirostra avosetta","Birds_Atlas_Czechia",1.10835754196121
"933","Recurvirostra avosetta","Birds_atlas_EBBA",0.53897347366333
"934","Regulus calendula","Birds_Atlas_New_York",-0.0663614913461838
"935","Regulus ignicapilla","Birds_atlas_EBBA",0.302116785039315
"936","Regulus ignicapillus","Birds_Atlas_Czechia",0.255596396147928
"937","Regulus madeirensis","Birds_atlas_EBBA",0
"938","Regulus regulus","Birds_Atlas_Czechia",0.0134206588225088
"939","Regulus regulus","Birds_atlas_EBBA",0.240656692994415
"940","Regulus regulus","Birds_atlas_Japan",0.105944338316752
"941","Regulus satrapa","Birds_Atlas_New_York",0.116176208166833
"942","Remiz pendulinus","Birds_Atlas_Czechia",-0.0810326957994235
"943","Remiz pendulinus","Birds_atlas_EBBA",0.261487117563972
"944","Riparia riparia","Birds_Atlas_Czechia",-0.2364720323687
"945","Riparia riparia","Birds_atlas_EBBA",0.202091707208098
"946","Riparia riparia","Birds_atlas_Japan",-0.704369265826371
"947","Riparia riparia","Birds_Atlas_New_York",-0.324918060390795
"948","Rissa tridactyla","Birds_atlas_EBBA",-0.00859352207305492
"949","Rostratula benghalensis","Birds_atlas_Japan",-0.0246890496705943
"950","Rynchops niger","Birds_Atlas_New_York",-0.391742842983749
"951","Sapheopipo noguchii","Birds_atlas_Japan",0.288160773243091
"952","Saxicola rubetra","Birds_Atlas_Czechia",-0.0341800300756328
"953","Saxicola rubetra","Birds_atlas_EBBA",0.13485000123573
"954","Saxicola torquata","Birds_Atlas_Czechia",0.236059450278016
"955","Saxicola torquatus","Birds_atlas_EBBA",0.394478588477446
"956","Saxicola torquatus","Birds_atlas_Japan",0.094526579841993
"957","Sayornis phoebe","Birds_Atlas_New_York",0.0847853452531199
"958","Scolopax minor","Birds_Atlas_New_York",0.0381703785183783
"959","Scolopax rusticola","Birds_Atlas_Czechia",0.120573018120427
"960","Scolopax rusticola","Birds_atlas_EBBA",0.223662464900023
"961","Scolopax rusticola","Birds_atlas_Japan",-0.0681373562796675
"962","Seiurus aurocapilla","Birds_Atlas_New_York",0.0860333961182966
"963","Seiurus motacilla","Birds_Atlas_New_York",-0.230356980527329
"964","Seiurus noveboracensis","Birds_Atlas_New_York",0.0388888643349114
"965","Serinus canaria","Birds_atlas_EBBA",0
"966","Serinus pusillus","Birds_atlas_EBBA",1.90937383232643
"967","Serinus serinus","Birds_Atlas_Czechia",0.00317191289529396
"968","Serinus serinus","Birds_atlas_EBBA",0.0526205126952134
"969","Setophaga ruticilla","Birds_Atlas_New_York",0.0211725858330563
"970","Sialia sialis","Birds_Atlas_New_York",0.433458822873504
"971","Sitta canadensis","Birds_Atlas_New_York",0.308650332551136
"972","Sitta carolinensis","Birds_Atlas_New_York",0.0284081163360411
"973","Sitta europaea","Birds_Atlas_Czechia",0.00796875597721606
"974","Sitta europaea","Birds_atlas_EBBA",0.176563582371336
"975","Sitta europaea","Birds_atlas_Japan",0.0834510937460966
"976","Sitta krueperi","Birds_atlas_EBBA",1.31372728977494
"977","Sitta neumayer","Birds_atlas_EBBA",0.510421778813569
"978","Sitta whiteheadi","Birds_atlas_EBBA",-0.18232126013551
"979","Somateria mollissima","Birds_atlas_EBBA",0.216850956639766
"980","Somateria spectabilis","Birds_atlas_EBBA",-0.204453732746131
"981","Spatula clypeata","Birds_atlas_EBBA",0.308756947021742
"982","Spatula querquedula","Birds_atlas_EBBA",0.153924734029243
"983","Sphyrapicus varius","Birds_Atlas_New_York",0.41909065793226
"984","Spilopelia senegalensis","Birds_atlas_EBBA",2.21934463765886
"985","Spilornis cheela","Birds_atlas_Japan",-0.405460308058056
"986","Spinus pinus","Birds_Atlas_New_York",0.0120778571504555
"987","Spinus spinus","Birds_atlas_EBBA",0.301461756337043
"988","Spinus tristis","Birds_Atlas_New_York",0.0173639314349132
"989","Spiza americana","Birds_Atlas_New_York",1.7922973445936
"990","Spizella pallida","Birds_Atlas_New_York",1.09863563495375
"991","Spizella passerina","Birds_Atlas_New_York",0.00307321441307446
"992","Spizella pusilla","Birds_Atlas_New_York",-0.173016480600179
"993","Spodiopsar cineraceus","Birds_atlas_Japan",-0.189119230379608
"994","Stelgidopteryx serripennis","Birds_Atlas_New_York",0.190939729270198
"995","Stercorarius longicaudus","Birds_atlas_EBBA",0.343772133331354
"996","Stercorarius parasiticus","Birds_atlas_EBBA",0.160018622876723
"997","Stercorarius pomarinus","Birds_atlas_EBBA",-1.08217529981874
"998","Sterna albifrons","Birds_atlas_Japan",-1.2566212660631
"999","Sterna dougallii","Birds_atlas_EBBA",-0.180587497557618
"1000","Sterna dougallii","Birds_atlas_Japan",0.680230588771874
"1001","Sterna dougallii","Birds_Atlas_New_York",-0.459510891262409
"1002","Sterna forsteri","Birds_Atlas_New_York",1.60929813732002
"1003","Sterna hirundo","Birds_Atlas_Czechia",0.134721838693015
"1004","Sterna hirundo","Birds_atlas_EBBA",0.290355573770442
"1005","Sterna hirundo","Birds_Atlas_New_York",-0.0164349172379795
"1006","Sterna paradisaea","Birds_atlas_EBBA",0.17888554569286
"1007","Sterna sumatrana","Birds_atlas_Japan",-1.60185408727812
"1008","Sternula albifrons","Birds_atlas_EBBA",0.151592951289615
"1009","Sternula antillarum","Birds_Atlas_New_York",-0.220228638718466
"1010","Streptopelia decaocto","Birds_Atlas_Czechia",-0.00669702251314857
"1011","Streptopelia decaocto","Birds_atlas_EBBA",0.236338404417575
"1012","Streptopelia orientalis","Birds_atlas_Japan",0.0190479728586605
"1013","Streptopelia turtur","Birds_Atlas_Czechia",-0.00322936092390793
"1014","Streptopelia turtur","Birds_atlas_EBBA",0.0415304144769203
"1015","Strix aluco","Birds_Atlas_Czechia",0.023290587724914
"1016","Strix aluco","Birds_atlas_EBBA",0.0733005813201711
"1017","Strix nebulosa","Birds_atlas_EBBA",0.747485844678218
"1018","Strix uralensis","Birds_Atlas_Czechia",1.51113987907427
"1019","Strix uralensis","Birds_atlas_EBBA",0.552218875576483
"1020","Strix uralensis","Birds_atlas_Japan",0.459593005840265
"1021","Strix varia","Birds_Atlas_New_York",0.354187018860302
"1022","Sturnella magna","Birds_Atlas_New_York",-0.286037281204973
"1023","Sturnella neglecta","Birds_Atlas_New_York",-1.79142247798159
"1024","Sturnus unicolor","Birds_atlas_EBBA",0.102262442964294
"1025","Sturnus vulgaris","Birds_Atlas_Czechia",-4.53715631523463e-05
"1026","Sturnus vulgaris","Birds_atlas_EBBA",0.185203202010553
"1027","Sturnus vulgaris","Birds_Atlas_New_York",-0.0161483855942112
"1028","Sula leucogaster","Birds_atlas_Japan",0.647288631126519
"1029","Surnia ulula","Birds_atlas_EBBA",0.249710320585674
"1030","Sylvia atricapilla","Birds_Atlas_Czechia",-3.91908968573533e-05
"1031","Sylvia atricapilla","Birds_atlas_EBBA",0.172758560086356
"1032","Sylvia balearica","Birds_atlas_EBBA",8.03236732375616e-05
"1033","Sylvia borin","Birds_Atlas_Czechia",0.0158464589801366
"1034","Sylvia borin","Birds_atlas_EBBA",0.192836510175906
"1035","Sylvia cantillans","Birds_atlas_EBBA",0.0211876752822289
"1036","Sylvia communis","Birds_Atlas_Czechia",0.00340061720635499
"1037","Sylvia communis","Birds_atlas_EBBA",0.179509084104607
"1038","Sylvia conspicillata","Birds_atlas_EBBA",0.115272519828858
"1039","Sylvia crassirostris","Birds_atlas_EBBA",0.232048145909141
"1040","Sylvia curruca","Birds_Atlas_Czechia",-0.00323841633486369
"1041","Sylvia curruca","Birds_atlas_EBBA",0.226519788125671
"1042","Sylvia hortensis","Birds_atlas_EBBA",-0.155793152007405
"1043","Sylvia melanocephala","Birds_atlas_EBBA",0.0965889774753981
"1044","Sylvia mystacea","Birds_atlas_EBBA",4.0020973404393
"1045","Sylvia nisoria","Birds_Atlas_Czechia",0.0590261115454421
"1046","Sylvia nisoria","Birds_atlas_EBBA",0.316121543424195
"1047","Sylvia ruppeli","Birds_atlas_EBBA",-0.107661693927749
"1048","Sylvia sarda","Birds_atlas_EBBA",0.0342389325170194
"1049","Sylvia subalpina","Birds_atlas_EBBA",-0.150028548764415
"1050","Sylvia undata","Birds_atlas_EBBA",0.043651558921609
"1051","Syrmaticus reevesii","Birds_atlas_EBBA",0.370501809132883
"1052","Syrmaticus soemmerringii","Birds_atlas_Japan",0.312587894754617
"1053","Tachybaptus ruficollis","Birds_Atlas_Czechia",-0.0186187312353244
"1054","Tachybaptus ruficollis","Birds_atlas_EBBA",0.188499498296462
"1055","Tachybaptus ruficollis","Birds_atlas_Japan",-0.215461007969969
"1056","Tachycineta bicolor","Birds_Atlas_New_York",0.0402054140687354
"1057","Tachymarptis melba","Birds_atlas_EBBA",0.260993118600969
"1058","Tadorna ferruginea","Birds_atlas_EBBA",1.52166438815424
"1059","Tadorna tadorna","Birds_atlas_EBBA",0.60701579637348
"1060","Tarsiger cyanurus","Birds_atlas_EBBA",2.46248825142778
"1061","Tarsiger cyanurus","Birds_atlas_Japan",-0.0444473043180541
"1062","Terpsiphone atrocaudata","Birds_atlas_Japan",0.682239205464054
"1063","Tetrao tetrix","Birds_Atlas_Czechia",-0.429086118675592
"1064","Tetrao urogallus","Birds_Atlas_Czechia",-0.303119102083768
"1065","Tetrao urogallus","Birds_atlas_EBBA",0.294591324437192
"1066","Tetraogallus caspius","Birds_atlas_EBBA",0.429620654979381
"1067","Tetraogallus caucasicus","Birds_atlas_EBBA",-0.0730721313584564
"1068","Tetrastes bonasia","Birds_atlas_Japan",0.122068312880579
"1069","Tetrax tetrax","Birds_atlas_EBBA",0.0674186213427928
"1070","Thalasseus sandvicensis","Birds_atlas_EBBA",0.297896105742671
"1071","Thryothorus ludovicianus","Birds_Atlas_New_York",1.41059217121587
"1072","Tichodroma muraria","Birds_atlas_EBBA",0.0128480111714578
"1073","Toxostoma rufum","Birds_Atlas_New_York",-0.357843184861925
"1074","Treron formosae","Birds_atlas_Japan",-0.0414034975892001
"1075","Treron sieboldii","Birds_atlas_Japan",0.563047853869264
"1076","Tringa erythropus","Birds_atlas_EBBA",0.084764557495005
"1077","Tringa glareola","Birds_atlas_EBBA",0.483691482902029
"1078","Tringa nebularia","Birds_atlas_EBBA",0.636713713339103
"1079","Tringa ochropus","Birds_Atlas_Czechia",1.20642131331232
"1080","Tringa ochropus","Birds_atlas_EBBA",0.416848996649945
"1081","Tringa semipalmata","Birds_Atlas_New_York",0.569449767786947
"1082","Tringa stagnatilis","Birds_atlas_EBBA",0.606207741401062
"1083","Tringa totanus","Birds_Atlas_Czechia",-0.0863718860850017
"1084","Tringa totanus","Birds_atlas_EBBA",0.122177338828325
"1085","Tringa totanus","Birds_atlas_Japan",-1.10222944025268
"1086","Troglodytes aedon","Birds_Atlas_New_York",-0.0321497556744121
"1087","Troglodytes troglodytes","Birds_Atlas_Czechia",0.00956273315122217
"1088","Troglodytes troglodytes","Birds_atlas_EBBA",0.139178927469716
"1089","Troglodytes troglodytes","Birds_atlas_Japan",0.159611554078304
"1090","Troglodytes troglodytes","Birds_Atlas_New_York",0.395701942902583
"1091","Turdus atrogularis","Birds_atlas_EBBA",-0.429534909412244
"1092","Turdus cardis","Birds_atlas_Japan",0.277489040853984
"1093","Turdus celaenops","Birds_atlas_Japan",-0.281775285495274
"1094","Turdus chrysolaus","Birds_atlas_Japan",-0.263764497254812
"1095","Turdus iliacus","Birds_Atlas_Czechia",-0.184881495320913
"1096","Turdus iliacus","Birds_atlas_EBBA",0.35388835115631
"1097","Turdus merula","Birds_Atlas_Czechia",-0.0015738569418791
"1098","Turdus merula","Birds_atlas_EBBA",0.167834452316729
"1099","Turdus migratorius","Birds_Atlas_New_York",0.00806628702992054
"1100","Turdus pallidus","Birds_atlas_Japan",-0.493928703869021
"1101","Turdus philomelos","Birds_Atlas_Czechia",0.00156974919781219
"1102","Turdus philomelos","Birds_atlas_EBBA",0.266986323426582
"1103","Turdus pilaris","Birds_Atlas_Czechia",0.017124351386791
"1104","Turdus pilaris","Birds_atlas_EBBA",0.285382860450969
"1105","Turdus torquatus","Birds_Atlas_Czechia",-0.0290074576786443
"1106","Turdus torquatus","Birds_atlas_EBBA",0.0660082984124477
"1107","Turdus viscivorus","Birds_Atlas_Czechia",0.113272058789971
"1108","Turdus viscivorus","Birds_atlas_EBBA",0.269472212069936
"1109","Turnix suscitator","Birds_atlas_Japan",-1.49473972273521
"1110","Tyrannus tyrannus","Birds_Atlas_New_York",-0.0763279132004931
"1111","Tyto alba","Birds_Atlas_Czechia",-0.264657980339828
"1112","Tyto alba","Birds_atlas_EBBA",0.0626351592638797
"1113","Tyto alba","Birds_Atlas_New_York",-1.50386586539685
"1114","Upupa epops","Birds_Atlas_Czechia",0.211654450894827
"1115","Upupa epops","Birds_atlas_EBBA",0.161119380844425
"1116","Uragus sibiricus","Birds_atlas_Japan",-0.126762869290183
"1117","Uria aalge","Birds_atlas_EBBA",0.012018349191979
"1118","Uria lomvia","Birds_atlas_EBBA",-0.0355536102283579
"1119","Urosphena squameiceps","Birds_atlas_Japan",-0.046818825624173
"1120","Vanellus cinereus","Birds_atlas_Japan",-0.135064632756456
"1121","Vanellus gregarius","Birds_atlas_EBBA",-2.93592083051845
"1122","Vanellus leucurus","Birds_atlas_EBBA",3.23852047825471
"1123","Vanellus spinosus","Birds_atlas_EBBA",0.907882119672965
"1124","Vanellus vanellus","Birds_Atlas_Czechia",-0.0964064692654704
"1125","Vanellus vanellus","Birds_atlas_EBBA",0.159053726180211
"1126","Vermivora chrysoptera","Birds_Atlas_New_York",-0.691483160271856
"1127","Vermivora peregrina","Birds_Atlas_New_York",0.0363256148426738
"1128","Vermivora pinus","Birds_Atlas_New_York",0.151892317204844
"1129","Vermivora ruficapilla","Birds_Atlas_New_York",-0.0752466988794447
"1130","Vireo flavifrons","Birds_Atlas_New_York",-0.0735371637731354
"1131","Vireo gilvus","Birds_Atlas_New_York",0.120130344915297
"1132","Vireo griseus","Birds_Atlas_New_York",-0.0714561431276036
"1133","Vireo olivaceus","Birds_Atlas_New_York",0.0267326487054111
"1134","Vireo philadelphicus","Birds_Atlas_New_York",0.448011525391052
"1135","Vireo solitarius","Birds_Atlas_New_York",0.329016782490919
"1136","Wilsonia canadensis","Birds_Atlas_New_York",-0.262831827634075
"1137","Wilsonia citrina","Birds_Atlas_New_York",0.899604488526067
"1138","Wilsonia pusilla","Birds_Atlas_New_York",-0.40546018872889
"1139","Xema sabini","Birds_atlas_EBBA",2.06281941120806
"1140","Xenus cinereus","Birds_atlas_EBBA",2.00383892540529
"1141","Zapornia parva","Birds_atlas_EBBA",0.483774067846203
"1142","Zapornia pusilla","Birds_atlas_EBBA",-0.446175203564343
"1143","Zenaida macroura","Birds_Atlas_New_York",0.0859588267193701
"1144","Zonotrichia albicollis","Birds_Atlas_New_York",-0.158732809334634
"1145","Zoothera aurea","Birds_atlas_EBBA",0.291002808380185
"1146","Zoothera dauma","Birds_atlas_Japan",-0.0232530622770254
"1147","Zoothera sibirica","Birds_atlas_Japan",-0.18649337015609
"1148","Zosterops japonicus","Birds_atlas_Japan",0.0194257729634258
